date,open_price,high_price,low_price,close_price,last_price,prev_close,avg_price,ttl_trd_qnty,turnover_lacs,no_of_trades,deliv_qty,deliv_per
2022-05-17,872.0,918.95,860.0,875.25,873.0,949.0,890.62,48792877,434561.35,1388070,19115945,39.18
2022-05-18,885.55,891.0,874.1,876.35,874.75,875.25,881.94,8919761,78667.12,267592,2670371,29.94
2022-05-19,867.0,867.0,838.0,840.85,840.2,876.35,851.61,7372427,62784.21,330019,2943369,39.92
2022-05-20,848.55,856.8,825.0,826.15,825.3,840.85,836.44,7078291,59205.82,258445,2128536,30.07
2022-05-23,826.15,852.7,803.65,816.85,814.8,826.15,829.92,12444648,103280.22,318372,2019459,16.23
2022-05-24,818.0,834.7,816.85,823.1,824.8,816.85,826.16,4287864,35424.61,125350,980069,22.86
2022-05-25,831.5,841.45,814.25,820.3,814.95,823.1,830.57,4013031,33331.12,118372,1172387,29.21
2022-05-26,820.3,824.8,801.0,811.65,812.85,820.3,812.09,2796468,22709.82,111236,861111,30.79
2022-05-27,818.55,824.65,814.35,821.6,823.0,811.65,820.15,2215807,18173.01,71583,663050,29.92
2022-05-30,829.9,841.4,825.3,837.75,836.5,821.6,832.66,3133717,26093.15,102214,1072302,34.22
2022-05-31,810.0,822.0,810.0,811.3,810.85,837.75,815.91,4373090,35680.41,156207,1683405,38.49
2023-05-02,552.0,554.6,549.2,550.05,551.2,549.9,551.79,1224198,6754.98,22118,748307,61.13
2023-05-03,550.95,552.9,550.0,551.35,551.95,550.05,551.2,856689,4722.09,17710,502850,58.7
2023-05-04,552.0,566.6,549.1,552.45,551.7,551.35,554.56,4283342,23753.77,62518,2045618,47.76
2023-05-05,552.5,565.35,551.65,560.05,561.9,552.45,560.63,2503952,14037.84,43531,953896,38.1
2023-05-08,563.0,567.0,562.0,562.7,563.0,560.05,563.87,1104965,6230.55,22747,518266,46.9
2023-05-09,564.45,566.45,555.95,557.35,557.6,562.7,561.72,1015395,5703.66,24153,614817,60.55
2023-05-10,558.75,560.3,555.1,557.8,558.0,557.35,557.86,589178,3286.82,15571,311882,52.94
2023-05-11,559.95,563.7,559.0,561.0,561.55,557.8,561.21,680822,3820.83,18518,383366,56.31
2023-05-12,561.0,564.45,557.5,562.1,562.4,561.0,561.12,892781,5009.58,19360,502959,56.34
2023-05-15,564.0,573.0,561.2,567.65,567.5,562.1,569.22,2164688,12321.86,37075,1246395,57.58
2023-05-16,569.0,574.55,566.4,567.5,568.05,567.65,570.08,902155,5143.02,20925,444533,49.27
2023-05-17,568.0,570.95,565.9,570.0,570.0,567.5,568.61,862004,4901.47,18209,545070,63.23
2023-05-18,572.0,576.85,567.0,568.15,567.95,570.0,571.63,964354,5512.57,21231,539114,55.9
2023-05-19,570.0,570.05,562.1,565.0,565.35,568.15,564.94,515091,2909.95,17677,259694,50.42
2023-05-22,569.0,579.3,566.7,577.5,579.0,565.0,573.9,1506327,8644.79,31629,721796,47.92
2023-05-23,581.0,594.5,580.9,590.15,591.45,577.5,588.25,2726826,16040.61,51655,1124937,41.25
2023-05-24,594.15,604.2,592.05,593.9,593.95,590.15,597.55,2488874,14872.3,48753,1006561,40.44
2023-05-25,607.0,615.5,601.0,603.6,603.55,593.9,606.83,5187933,31482.07,76356,1346101,25.95
2023-05-26,608.6,610.2,603.1,604.3,604.0,603.6,606.5,1195590,7251.29,28048,602111,50.36
2023-05-29,610.0,610.1,603.3,605.2,604.9,604.3,605.84,1131333,6854.03,26405,533074,47.12
2023-05-30,605.5,606.45,599.5,600.9,599.8,605.2,602.81,720683,4344.34,20851,422603,58.64
2023-05-31,599.45,599.45,593.0,595.15,595.5,600.9,595.42,720695,4291.14,21592,386643,53.65
2024-05-02,982.9,1009.8,980.7,999.15,999.05,978.25,999.86,4961650,49609.69,122378,2601591,52.43
2024-05-03,1003.8,1004.0,970.55,979.15,979.05,999.15,986.17,2207262,21767.3,66998,962949,43.63
2024-05-06,982.8,984.9,929.65,934.0,935.95,979.15,947.78,3714064,35201.15,117318,1790339,48.2
2024-05-07,938.0,946.0,912.25,921.65,923.45,934.0,928.24,2154627,20000.13,73564,806521,37.43
2024-05-08,923.0,936.95,920.6,929.85,931.45,921.65,929.25,1315309,12222.54,39190,435644,33.12
2024-05-09,931.95,934.2,898.7,902.15,903.75,929.85,913.49,1510223,13795.81,65264,728318,48.23
2024-05-10,920.0,934.9,902.15,910.95,911.3,902.15,915.39,2853402,26119.71,83499,780323,27.35
2024-05-13,910.9,912.65,888.6,891.7,894.0,910.95,894.39,2065788,18476.26,66003,994937,48.16
2024-05-14,896.65,936.35,896.0,931.0,934.1,891.7,918.24,1922026,17648.74,57485,794891,41.36
2024-05-15,934.0,999.35,932.55,990.0,994.5,931.0,972.02,7637335,74236.06,178864,2717233,35.58
2024-05-16,1000.0,1000.95,967.2,973.5,972.2,990.0,977.99,2292001,22415.49,67374,762707,33.28
2024-05-17,974.7,979.0,965.2,970.4,970.3,973.5,970.99,1524382,14801.61,49506,561787,36.85
2024-05-21,977.05,1033.8,975.0,1023.7,1024.0,974.4,1006.73,6323927,63664.68,162325,3091148,48.88
2024-05-22,1031.0,1066.75,1031.0,1055.45,1052.5,1023.7,1048.92,7658810,80335.06,171362,3160155,41.26
2024-05-23,1056.0,1059.0,1028.5,1031.2,1029.45,1055.45,1037.55,2389235,24789.51,65611,1059240,44.33
2024-05-24,1033.0,1052.3,1013.35,1029.75,1027.0,1031.2,1031.04,3747892,38642.41,83406,1236004,32.98
2024-05-27,1035.0,1054.0,1024.05,1036.05,1037.65,1029.75,1039.65,3168271,32938.84,78986,1213520,38.3
2024-05-28,1054.7,1062.45,1011.65,1016.0,1014.0,1036.05,1032.55,6525071,67374.92,137696,2182262,33.44
2024-05-29,1010.0,1024.4,993.0,998.3,995.5,1016.0,1008.83,2716582,27405.59,71937,1083475,39.88
2024-05-30,996.5,1008.0,989.0,993.3,993.0,998.3,998.86,1863884,18617.6,61850,647515,34.74
2024-05-31,997.95,1018.0,992.75,1012.7,1012.0,993.3,1008.07,3432527,34602.1,101554,1527695,44.51
2025-05-02,793.75,806.1,790.3,792.25,791.9,795.75,798.1,706436,5638.08,26009,245269,34.72
2025-05-05,793.2,820.8,793.2,817.45,818.95,792.25,811.85,1165457,9461.82,40587,488859,41.95
2025-05-06,817.45,819.7,782.35,784.35,783.0,817.45,795.64,1273946,10136.03,44195,609880,47.87
2025-05-07,775.0,790.55,774.15,785.95,786.0,784.35,783.85,1513760,11865.65,48583,827097,54.64
2025-05-08,788.0,797.85,778.0,781.85,779.15,785.95,789.04,1013336,7995.59,33662,398378,39.31
2025-05-09,760.0,789.4,760.0,786.95,787.9,781.85,780.19,1109279,8654.44,47354,446994,40.3
2025-05-13,815.5,832.0,812.95,826.4,827.6,815.45,824.86,1188986,9807.52,37472,461230,38.79
2025-05-14,826.4,839.7,820.4,822.2,823.0,826.4,829.03,1200489,9952.46,42987,469403,39.1
2025-05-15,822.25,842.4,819.75,840.3,840.0,822.2,833.97,1242668,10363.42,45857,642100,51.67
2025-05-16,843.0,861.8,839.05,857.0,855.85,840.3,854.72,1998055,17077.72,70414,865058,43.3
2025-05-19,857.0,865.65,853.3,855.05,855.0,857.0,859.54,1054285,9062.03,33168,460586,43.69
2025-05-20,856.0,873.0,847.65,850.7,852.95,855.05,862.08,1403194,12096.65,43677,489805,34.91
2025-05-21,850.05,857.8,847.05,853.8,853.5,850.7,852.96,760171,6483.94,27266,266929,35.11
2025-05-22,851.0,853.05,840.0,845.7,846.1,853.8,845.47,645750,5459.62,26142,263298,40.77
2025-05-23,853.0,862.8,847.0,860.25,860.7,845.7,857.28,845821,7251.04,25804,396764,46.91
2025-05-26,865.0,873.7,864.1,870.05,870.0,860.25,869.7,966247,8403.4,29978,404979,41.91
2025-05-27,873.0,873.0,861.5,871.25,870.7,870.05,869.11,1430284,12430.67,35451,781516,54.64
2025-05-28,892.0,948.0,888.0,942.0,940.75,871.25,929.26,23033284,214039.15,357359,3334878,14.48
2025-05-29,943.5,954.65,929.0,944.45,943.0,942.0,942.33,4631410,43643.19,102989,957018,20.66
2025-05-30,941.5,957.8,934.15,954.45,952.05,944.45,947.62,2761353,26167.24,71818,986499,35.73
,811.4,817.45,808.5,810.4,809.95,811.3,812.53,1670031,13569.5,60268,632787,37.89
,809.95,813.8,804.0,805.7,804.95,810.4,808.09,1565763,12652.79,62674,695656,44.43
,808.65,810.75,800.0,800.25,800.45,805.7,803.23,2052785,16488.55,85753,833483,40.6
,800.25,801.7,775.1,777.35,776.5,800.25,783.98,3033514,23782.16,128446,1323492,43.63
,772.9,772.9,751.8,753.0,752.9,777.35,758.44,3774512,28627.37,141820,1434834,38.01
,752.9,752.9,736.1,738.05,736.8,753.0,742.16,4103499,30454.62,135736,1222297,29.79
,729.9,736.0,720.1,721.7,721.6,738.05,726.67,3729113,27098.41,123350,1151741,30.89
,713.0,719.75,708.05,709.7,709.4,721.7,712.68,3464178,24688.38,103824,1079422,31.16
,690.9,690.9,667.0,668.25,669.5,709.7,677.24,7781730,52701.02,249414,3099998,39.84
,664.1,684.0,663.0,674.3,675.8,668.25,674.59,5348769,36082.45,157414,1475388,27.58
,681.0,709.7,679.1,690.15,688.55,674.3,696.76,9204318,64131.85,212630,1533565,16.66
,703.45,706.0,667.0,669.35,667.5,690.15,681.93,4049782,27616.7,116171,1205252,29.76
,669.1,669.35,651.0,654.55,654.35,669.35,656.45,4043000,26540.32,127630,1355391,33.52
,660.45,666.7,650.0,661.4,664.7,654.55,657.08,3522551,23146.08,83318,1143628,32.47
,667.0,671.4,663.0,665.2,664.2,661.4,666.02,2355354,15687.05,82919,980934,41.65
,666.0,684.9,664.1,668.6,667.3,665.2,674.83,3472810,23435.42,95640,677305,19.5
,670.2,674.7,658.6,665.15,665.0,668.6,666.99,1798979,11999.05,56213,514850,28.62
,669.3,673.55,659.1,661.65,661.3,665.15,663.8,1743400,11572.62,58549,633372,36.33
,670.0,670.0,661.7,664.8,664.8,661.65,664.54,1405766,9341.83,48740,519723,36.97
,663.25,664.8,659.0,663.35,664.0,664.8,662.21,1004747,6653.55,45785,388778,38.69
,660.1,696.85,657.8,678.5,677.05,663.35,679.2,4653282,31605.07,94830,1165688,25.05
,678.5,683.7,671.0,673.9,674.25,678.5,675.8,1681412,11362.97,45334,688854,40.97
,675.0,679.95,669.0,676.65,677.1,673.9,674.56,1330472,8974.77,43901,544713,40.94
,678.0,694.0,678.0,692.3,693.4,676.65,686.31,1832039,12573.51,47824,702136,38.33
,698.0,712.9,697.0,702.65,701.1,692.3,706.37,3662593,25871.52,91372,1176173,32.11
,707.0,713.6,701.5,702.95,702.9,702.65,706.22,1253320,8851.22,42509,396513,31.64
,708.0,714.7,696.0,698.05,697.05,702.95,705.08,1843219,12996.13,53719,560343,30.4
,701.25,710.8,701.25,708.1,708.0,698.05,706.8,2152750,15215.68,36683,1307438,60.73
,707.95,721.9,704.35,718.2,717.8,708.1,714.85,1638255,11711.04,56660,609432,37.2
,718.7,724.4,714.35,717.6,716.55,718.2,719.61,1355821,9756.57,47479,573767,42.32
,719.9,723.9,715.45,718.85,718.3,717.6,719.53,887093,6382.86,26594,356846,40.23
,720.1,721.25,709.0,712.3,715.0,718.85,715.7,874964,6262.15,36905,416359,47.59
,719.45,721.25,705.05,708.5,708.2,712.3,710.42,999239,7098.8,38934,389496,38.98
,710.0,713.65,693.0,696.5,695.85,708.5,702.59,1620545,11385.83,58500,836181,51.6
,697.0,699.0,688.0,688.85,688.2,696.5,691.43,1592940,11014.14,60778,780390,48.99
,694.3,696.75,686.75,687.7,687.1,688.85,690.77,1377738,9516.97,53416,680298,49.38
,688.0,693.0,687.05,687.55,687.45,687.7,689.18,799923,5512.91,28815,335449,41.94
,689.05,694.3,687.7,688.65,688.0,687.55,689.92,948078,6540.98,28474,358696,37.83
,688.0,690.0,682.0,683.95,683.2,688.65,685.82,671602,4605.96,26682,355161,52.88
,684.0,684.8,675.0,675.35,675.5,683.95,678.28,662692,4494.88,30212,342217,51.64
,675.0,679.6,672.9,674.35,673.5,675.35,675.5,690747,4666.02,28213,312882,45.3
,677.0,679.25,674.0,674.9,675.0,674.35,675.78,741896,5013.59,27796,451400,60.84
,676.15,683.8,675.0,677.8,677.55,674.9,677.98,1519288,10300.54,45503,844453,55.58
,680.0,685.6,678.4,682.9,682.8,677.8,682.19,949173,6475.2,33375,476414,50.19
,682.4,688.95,680.2,685.5,684.35,682.9,685.32,1061968,7277.93,35387,511525,48.17
,685.0,688.0,677.0,678.3,678.6,685.5,680.57,951585,6476.17,44698,488488,51.33
,682.0,683.45,670.7,673.7,674.0,678.3,676.45,1036357,7010.43,39958,529502,51.09
,675.0,694.95,674.1,687.35,680.8,673.7,685.52,3867024,26509.41,130631,1912537,49.46
,682.5,687.95,680.75,682.6,682.9,680.0,684.82,1133206,7760.44,35723,472773,41.72
,685.45,689.8,681.3,682.65,683.0,682.6,685.66,1055646,7238.13,33065,485628,46.0
,683.25,687.1,681.05,682.4,682.35,682.65,684.15,867471,5934.84,35435,492544,56.78
,693.0,706.6,691.3,697.65,697.0,682.4,700.92,4029367,28242.59,105484,1316234,32.67
,702.0,704.0,697.0,697.95,697.5,697.65,700.4,1443441,10109.91,40053,726492,50.33
,698.9,703.5,695.0,696.25,696.0,697.95,698.22,1010173,7053.26,30998,456555,45.2
,697.9,698.95,683.1,685.95,684.5,696.25,690.15,1403378,9685.37,45662,834775,59.48
,684.9,684.9,675.0,675.3,675.55,685.95,677.47,1331779,9022.34,62586,820352,61.6
,674.5,678.8,670.25,671.1,671.55,675.3,672.87,1053329,7087.49,50966,595575,56.54
,673.1,683.0,672.0,676.25,675.9,671.1,675.93,1473399,9959.1,34252,906521,61.53
,678.5,682.8,677.05,677.85,677.8,676.25,679.38,865146,5877.61,26559,447082,51.68
,680.9,682.4,678.05,678.85,679.3,677.85,679.85,691903,4703.91,23168,343180,49.6
,670.0,674.95,667.2,670.15,671.05,678.85,671.26,1400803,9403.04,44021,830390,59.28
,673.5,676.95,672.2,673.5,674.5,670.15,674.43,689256,4648.58,27569,344246,49.94
,673.0,676.85,668.05,668.7,669.0,673.5,671.54,1019021,6843.14,36885,539394,52.93
,671.0,672.9,664.0,664.65,664.8,668.7,667.98,914138,6106.3,49428,586125,64.12
,666.0,669.15,659.15,659.8,659.8,664.65,662.33,1467031,9716.63,56661,983002,67.01
,662.0,663.85,651.0,652.8,653.1,659.8,655.29,1984406,13003.62,75449,1148929,57.9
,652.8,655.4,651.0,653.15,653.55,652.8,653.1,1236249,8073.88,51188,704693,57.0
,656.0,659.0,652.3,653.85,653.55,653.15,654.83,1138616,7456.02,42314,635269,55.79
,657.8,659.0,652.65,653.3,653.6,653.85,655.12,1220396,7995.08,54979,697818,57.18
,655.0,656.75,651.6,652.2,652.05,653.3,653.08,1161662,7586.54,59786,760972,65.51
,655.0,673.4,653.5,670.25,670.0,652.2,663.7,4249316,28202.75,85446,1769498,41.64
,664.7,678.0,662.2,663.45,662.25,670.25,668.45,2467127,16491.41,59977,1016485,41.2
,665.0,676.6,660.15,672.6,674.1,663.45,669.91,2899060,19421.16,63650,1095799,37.8
,670.9,671.7,653.35,654.8,655.0,672.6,660.95,1723016,11388.31,56599,910866,52.86
,658.3,663.55,654.0,654.75,654.7,654.8,658.02,1004677,6610.96,30348,460588,45.84
,657.55,665.05,655.55,656.35,656.4,654.75,659.32,927521,6115.3,28388,393288,42.4
,656.4,659.9,651.8,652.45,652.2,656.35,654.2,920171,6019.79,36162,468299,50.89
,653.0,659.0,648.0,649.75,650.2,652.45,650.68,1270228,8265.15,42829,577286,45.45
,651.6,652.95,642.0,642.8,642.75,649.75,646.27,1212921,7838.76,49691,653616,53.89
,640.0,641.0,629.1,630.55,630.95,642.8,632.66,1072834,6787.42,50412,556576,51.88
,632.0,637.6,628.0,628.8,628.95,630.55,631.05,1138955,7187.4,42942,569993,50.05
,627.75,627.75,620.25,621.45,620.6,628.8,623.71,845815,5275.42,38761,421712,49.86
,623.9,626.9,618.0,619.55,619.0,621.45,621.51,777577,4832.73,38968,391193,50.31
,620.25,626.4,617.0,621.65,623.0,619.55,621.57,873228,5427.7,32903,329267,37.71
,622.0,625.0,619.25,620.6,620.0,621.65,621.5,820751,5100.99,26206,338851,41.29
,624.0,631.8,624.0,629.3,629.5,620.6,628.72,776287,4880.69,24393,365677,47.11
,630.55,635.8,628.5,628.9,628.9,629.3,631.08,774273,4886.31,30461,378806,48.92
,629.0,630.0,624.0,624.5,624.5,628.9,625.89,644846,4036.01,20372,377133,58.48
,622.7,622.7,618.2,619.4,621.75,624.5,619.55,863600,5350.47,32609,404273,46.81
,620.7,625.95,618.0,619.5,619.0,619.4,622.16,775141,4822.63,28338,397020,51.22
,621.5,622.7,613.85,615.65,617.0,619.5,617.91,700431,4328.05,26855,343101,48.98
,616.0,618.45,611.0,611.6,611.7,615.65,613.21,686400,4209.07,32072,346776,50.52
,617.6,619.05,612.0,612.8,613.2,611.6,615.61,617660,3802.36,23766,257169,41.64
,612.8,613.55,608.0,608.75,609.0,612.8,609.5,772169,4706.35,29547,360352,46.67
,611.0,612.4,607.5,607.85,607.9,608.75,609.35,696884,4246.5,30441,309839,44.46
,608.9,611.0,605.5,607.05,605.9,607.85,608.8,637868,3883.37,29061,317860,49.83
,607.55,607.95,600.0,601.0,600.9,607.05,602.43,1042196,6278.45,52511,600076,57.58
,601.15,601.15,588.0,589.2,588.95,601.0,593.55,1854225,11005.67,81962,1064561,57.41
,593.0,600.8,593.0,599.8,600.5,589.2,597.56,457731,2735.23,23790,271829,59.39
,600.0,601.0,594.3,595.55,596.2,599.8,596.06,536666,3198.84,25027,254431,47.41
,596.5,597.8,595.0,595.55,596.0,595.55,595.91,651827,3884.29,34694,322876,49.53
,596.0,597.45,591.25,592.7,592.65,595.55,594.45,737228,4382.44,34403,339450,46.04
,606.9,616.8,602.8,603.95,603.85,592.7,607.91,2929385,17808.09,85498,1573012,53.7
,608.95,608.95,603.95,605.2,605.2,603.95,605.45,1013858,6138.44,36937,531020,52.38
,607.0,622.0,603.1,619.4,619.0,605.2,614.78,1836761,11292.02,47782,659920,35.93
,619.0,629.0,616.0,625.65,625.5,619.4,625.05,1604869,10031.27,43869,552085,34.4
,628.0,630.9,626.3,628.05,626.95,625.65,628.0,662123,4158.16,22570,329751,49.8
,629.0,638.0,629.0,633.25,633.75,628.05,633.65,1044987,6621.6,30835,416576,39.86
,635.0,637.7,630.1,631.3,631.0,633.25,634.03,626576,3972.7,22609,292858,46.74
,635.0,635.0,618.6,620.85,621.0,631.3,625.21,788898,4932.29,31141,397988,50.45
,626.0,633.65,625.05,627.7,627.0,620.85,628.93,979067,6157.65,34590,465713,47.57
,663.95,684.9,658.3,664.65,664.2,627.7,667.22,8854572,59079.67,160351,1960641,22.14
,665.0,672.3,650.0,654.7,653.8,664.65,660.32,2112529,13949.54,49089,715144,33.85
,652.0,655.0,640.0,642.65,642.1,654.7,647.62,1364241,8835.08,34143,570249,41.8
,639.0,649.25,637.55,643.85,643.0,642.65,644.7,1211174,7808.38,41151,518319,42.79
,643.0,646.0,636.7,638.8,639.0,643.85,640.22,750739,4806.38,25596,362419,48.27
,639.9,640.3,625.3,627.05,625.8,638.8,630.25,880089,5546.8,28676,448593,50.97
,625.0,633.8,624.0,625.8,626.0,627.05,628.16,996001,6256.5,32692,517276,51.94
,627.0,629.0,620.05,621.2,620.7,625.8,623.0,914416,5696.85,28484,467218,51.09
,623.0,631.0,623.0,624.25,623.55,621.2,625.85,1199253,7505.54,32112,508991,42.44
,627.35,630.75,626.7,627.75,627.95,624.25,628.12,803958,5049.81,23129,411933,51.24
,628.0,633.25,627.75,629.8,629.5,627.75,630.76,823562,5194.71,32563,416495,50.57
,629.0,643.4,629.0,636.8,636.0,629.8,638.33,1571328,10030.25,37327,586730,37.34
,636.0,639.8,633.0,636.3,636.6,636.8,636.32,647345,4119.19,24438,320581,49.52
,638.0,658.1,638.0,650.9,650.0,636.3,650.79,3163335,20586.66,70837,1007127,31.84
,648.0,654.0,648.0,651.25,652.5,650.9,651.01,905130,5892.45,26473,389584,43.04
,651.1,655.0,649.0,652.1,651.15,651.25,651.53,800923,5218.29,27632,380596,47.52
,651.0,658.8,649.0,651.7,651.0,652.1,652.56,1233657,8050.39,33434,571238,46.3
,649.75,657.9,649.75,654.15,653.85,651.7,654.3,871091,5699.56,24608,419147,48.12
,655.0,670.3,652.9,662.35,661.05,654.15,663.25,2234602,14820.89,46994,911600,40.79
,665.0,676.1,664.0,671.85,674.5,662.35,671.08,2723169,18274.68,55066,1553164,57.04
,672.0,703.7,670.1,697.2,700.8,671.85,689.05,5932237,40876.24,101378,2725997,45.95
,700.0,724.5,700.0,718.3,716.55,697.2,715.87,7100398,50829.42,119372,2477334,34.89
,724.0,732.0,711.9,724.3,727.5,718.3,723.92,5008176,36255.04,81259,1983536,39.61
,728.1,730.85,706.0,708.75,708.0,724.3,718.01,2263539,16252.5,56216,925322,40.88
,701.3,711.6,687.05,688.55,689.8,708.75,696.91,2820832,19658.57,63455,1182700,41.93
,689.8,741.75,689.75,734.6,738.2,688.55,719.29,6490103,46682.68,113745,2806219,43.24
,738.0,754.25,730.05,739.95,738.4,734.6,741.82,8871743,65812.61,149762,1879636,21.19
,742.0,747.7,698.0,701.65,699.9,739.95,721.97,4546599,32825.01,93258,1753822,38.57
,705.2,713.65,680.0,681.6,682.6,701.65,691.06,4221417,29172.46,81630,1520759,36.02
,679.0,687.05,655.1,658.75,660.7,681.6,672.27,3498066,23516.31,70982,1234967,35.3
,661.0,690.9,661.0,688.0,690.6,658.75,678.97,2728756,18527.43,64973,1008560,36.96
,693.5,698.7,681.55,692.6,691.4,688.0,690.78,1862730,12867.4,42916,614141,32.97
,690.0,693.5,685.0,687.05,689.0,692.6,688.02,944339,6497.27,27362,352335,37.31
,686.6,686.6,681.35,683.7,683.0,687.05,682.95,978328,6681.48,30971,465821,47.61
,686.0,692.25,683.3,684.6,684.65,683.7,687.23,878093,6034.55,21973,437788,49.86
,685.0,714.6,684.7,709.5,712.6,684.6,702.53,2988258,20993.28,62935,1062311,35.55
,718.0,737.8,715.75,734.6,733.7,709.5,727.06,4845441,35229.48,88970,1731415,35.73
,736.9,746.0,728.0,731.0,729.0,734.6,737.75,3772736,27833.41,74801,1205606,31.96
,733.85,738.3,722.6,727.8,727.35,731.0,728.85,1602415,11679.17,42725,432713,27.0
,727.8,729.4,705.2,707.3,707.65,727.8,714.39,1625158,11610.04,42236,729317,44.88
,716.0,718.0,708.05,711.6,711.1,707.3,713.89,1268499,9055.67,30346,607121,47.86
,711.7,718.5,708.5,715.0,714.0,711.6,712.66,1546064,11018.11,33337,828202,53.57
,714.55,723.5,710.55,715.1,715.4,715.0,717.06,1322852,9485.69,33477,450266,34.04
,716.1,717.55,703.1,705.4,704.95,715.1,707.64,1156008,8180.38,34802,539368,46.66
,706.45,716.2,705.25,712.8,712.35,705.4,710.44,1241951,8823.3,29894,593940,47.82
,714.0,718.6,707.7,709.2,709.0,712.8,711.31,746717,5311.5,27405,384104,51.44
,708.0,711.5,698.7,705.7,704.2,709.2,705.7,981024,6923.09,36055,408299,41.62
,707.0,709.1,703.1,706.6,704.7,705.7,705.87,601657,4246.93,28813,301028,50.03
,705.0,711.0,700.3,701.6,701.5,706.6,705.45,651600,4596.69,24712,303399,46.56
,702.0,705.3,695.1,698.55,698.3,701.6,701.5,528700,3708.83,19371,260486,49.27
,700.0,704.85,698.2,700.9,700.55,698.55,702.01,530547,3724.48,18535,249281,46.99
,702.0,714.5,700.0,702.1,701.5,700.9,706.99,1092923,7726.84,34130,384705,35.2
,703.0,704.95,686.0,689.4,689.75,702.1,692.98,864582,5991.37,33334,432582,50.03
,691.0,692.5,660.0,665.95,667.0,689.4,672.53,1736675,11679.65,62416,775244,44.64
,649.0,684.0,639.2,656.5,655.5,665.95,657.07,3024474,19872.95,93355,730091,24.14
,660.0,662.9,650.8,653.3,654.0,656.5,654.98,1811224,11863.09,50116,878266,48.49
,660.0,665.4,582.35,598.45,601.0,653.3,619.87,6326960,39219.04,171494,3018967,47.72
,583.15,606.0,583.15,599.1,598.5,598.45,596.09,3377223,20131.34,95716,1233098,36.51
,602.1,604.5,586.0,599.05,598.1,599.1,595.05,2276729,13547.57,58253,803769,35.3
,602.0,607.4,597.0,599.9,600.0,599.05,602.05,1567204,9435.39,45748,633325,40.41
,602.0,618.2,601.25,603.05,602.9,599.9,609.12,2084510,12697.18,52930,766764,36.78
,605.0,612.6,604.5,610.25,612.5,603.05,609.62,1374494,8379.24,36202,598452,43.54
,613.35,618.0,609.6,613.15,613.5,610.25,614.12,1434333,8808.53,38509,623973,43.5
,630.0,640.0,617.05,620.05,618.5,613.15,626.67,3943115,24710.47,87853,1055826,26.78
,621.0,623.65,605.35,606.7,606.7,620.05,610.42,1315642,8031.01,36115,477303,36.28
,605.05,609.7,596.2,598.05,597.75,606.7,601.08,1528074,9184.99,41361,844254,55.25
,595.1,603.95,595.1,601.0,600.95,598.05,600.9,933878,5611.68,28846,415823,44.53
,604.05,606.25,602.0,602.8,603.5,601.0,604.12,703040,4247.23,20208,304327,43.29
,603.0,605.75,600.3,602.65,603.3,602.8,603.08,642400,3874.21,19262,279967,43.58
,605.0,605.0,596.4,598.5,598.0,602.65,598.92,885378,5302.72,28305,414298,46.79
,600.0,601.3,595.9,597.15,597.0,598.5,597.99,648784,3879.68,21439,359989,55.49
,597.0,598.7,593.45,595.95,595.95,597.15,595.35,761922,4536.1,23348,426989,56.04
,596.0,598.95,590.1,590.9,590.95,595.95,591.66,916630,5423.37,28442,548841,59.88
,591.0,594.8,584.0,584.6,584.7,590.9,586.3,1119544,6563.86,41795,573902,51.26
,584.6,585.4,566.0,567.75,568.0,584.6,569.62,1912489,10893.92,66763,936852,48.99
,568.0,582.75,567.6,578.4,581.0,567.75,574.1,2207400,12672.69,45714,913225,41.37
,581.3,604.55,580.25,601.7,602.25,578.4,594.85,1822832,10843.11,49630,731103,40.11
,601.9,607.3,597.0,601.1,599.6,601.7,602.18,1383893,8333.5,31891,526270,38.03
,609.0,619.0,607.7,615.45,614.5,601.1,614.77,2101679,12920.44,55091,842933,40.11
,620.0,625.0,609.9,611.65,611.0,615.45,617.89,1404596,8678.81,35805,508558,36.21
,610.4,610.4,602.0,602.95,603.55,611.65,605.45,900075,5449.48,25599,454193,50.46
,605.0,606.35,592.5,598.55,598.65,602.95,597.88,1465695,8763.03,41797,700444,47.79
,595.0,596.95,590.05,595.5,596.5,598.55,593.43,649101,3851.93,24191,288169,44.4
,595.5,598.5,580.0,582.1,581.8,595.5,587.84,1137818,6688.59,35869,658050,57.83
,585.05,587.45,575.0,578.5,578.7,582.1,580.32,879186,5102.06,29364,413363,47.02
,581.0,586.75,576.0,577.45,578.0,578.5,580.5,817032,4742.84,27971,418412,51.21
,577.0,578.9,570.75,572.45,573.0,577.45,573.64,972000,5575.77,35415,515560,53.04
,575.35,582.1,575.0,579.9,580.0,572.45,578.43,696661,4029.67,19792,338255,48.55
,579.0,579.05,570.2,574.9,575.0,579.9,574.92,725166,4169.1,25329,404823,55.82
,577.8,578.75,571.55,572.55,572.85,574.9,575.19,779267,4482.29,23806,432656,55.52
,573.0,577.75,572.0,572.75,572.5,572.55,574.13,931326,5347.0,19351,569817,61.18
,573.1,575.0,568.0,568.8,569.0,572.75,571.76,748086,4277.25,23425,413460,55.27
,570.0,573.0,559.0,560.0,559.9,568.8,563.85,1305399,7360.53,43537,814665,62.41
,560.1,562.65,539.1,544.1,541.8,560.0,551.1,1741356,9596.55,51689,1053312,60.49
,546.0,549.35,535.0,536.8,535.85,544.1,539.5,1821333,9826.06,43209,1017987,55.89
,537.5,542.7,530.05,531.85,531.95,536.8,535.74,2245923,12032.33,55269,1284563,57.2
,534.55,546.95,531.1,534.35,535.0,531.85,539.13,2030925,10949.39,47230,915120,45.06
,540.0,548.55,537.6,544.55,544.95,534.35,544.12,1228058,6682.08,29348,465500,37.91
,549.4,555.5,546.65,549.95,550.85,544.55,551.72,1156963,6383.2,29886,543969,47.02
,551.0,556.4,548.15,550.55,551.5,549.95,551.97,1088256,6006.85,26252,481722,44.27
,554.45,556.0,548.5,549.3,549.9,550.55,551.02,818437,4509.73,24117,490184,59.89
,550.1,555.25,549.3,550.5,550.4,549.3,551.48,659636,3637.75,19895,337007,51.09
,552.7,553.9,549.0,549.3,549.5,550.5,550.15,682171,3752.98,17686,426794,62.56
,549.9,553.45,548.2,550.95,551.35,549.3,550.57,562523,3097.08,16090,293927,52.25
,550.95,551.35,544.0,544.6,545.5,550.95,545.67,947673,5171.16,30556,571264,60.28
,546.1,552.3,546.1,548.45,547.8,544.6,549.13,612736,3364.71,15581,262325,42.81
,549.0,550.0,545.0,546.5,547.5,548.45,548.04,482728,2645.53,18813,276129,57.2
,547.75,556.2,546.45,551.9,552.25,546.5,551.6,731513,4035.05,24011,353463,48.32
,550.6,550.6,545.1,548.0,547.3,551.9,547.61,655602,3590.11,15880,311329,47.49
,548.9,553.8,547.5,549.4,549.7,548.0,549.63,446849,2456.03,14001,205345,45.95
,551.0,556.0,547.2,548.3,548.3,549.4,550.88,987652,5440.78,22316,570106,57.72
,548.3,550.35,547.05,547.75,548.0,548.3,548.54,498401,2733.92,14610,278716,55.92
,548.0,553.05,543.0,545.7,544.8,547.75,547.76,1151408,6306.96,24656,797991,69.31
,548.5,552.8,546.55,549.9,550.25,545.7,549.86,1231240,6770.13,24571,624239,50.7
,595.0,600.5,593.95,597.15,596.85,595.15,597.7,694568,4151.44,19999,310695,44.73
,599.1,601.4,596.1,596.85,597.5,597.15,598.48,507824,3039.24,16107,271528,53.47
,598.5,602.0,595.95,596.6,597.0,596.85,598.91,641136,3839.81,21935,332652,51.88
,598.05,599.75,596.0,597.75,598.75,596.6,597.58,480880,2873.63,16183,281049,58.44
,599.0,605.0,597.5,601.35,600.85,597.75,601.48,809884,4871.28,20123,373210,46.08
,602.35,610.4,602.3,603.4,604.2,601.35,606.24,1424334,8634.82,28458,558366,39.2
,605.0,607.0,600.35,601.95,602.2,603.4,604.47,660925,3995.07,16911,366600,55.47
,598.8,601.5,595.05,597.05,597.7,601.95,597.6,803879,4804.0,24112,361233,44.94
,597.7,600.75,597.7,598.9,598.65,597.05,599.58,400863,2403.51,14344,230816,57.58
,599.9,601.9,595.25,596.0,595.9,598.9,597.32,644399,3849.1,19491,365941,56.79
,596.0,604.95,595.05,596.4,596.1,596.0,599.39,847451,5079.55,21385,282475,33.33
,596.4,606.7,596.4,604.45,603.5,596.4,603.19,1405526,8478.01,32383,665082,47.32
,605.0,620.95,603.55,618.3,617.1,604.45,612.65,2500627,15320.01,47539,1091580,43.65
,620.0,632.5,619.05,630.35,630.05,618.3,628.47,3041047,19111.94,51764,1239911,40.77
,636.6,639.75,633.05,636.05,636.1,630.35,636.01,1580109,10049.7,27059,791386,50.08
,637.9,654.0,636.65,641.75,640.95,636.05,645.8,3120722,20153.68,52149,1293939,41.46
,643.0,646.9,622.75,624.95,623.8,641.75,630.25,1538801,9698.33,35495,549692,35.72
,624.95,625.8,613.7,615.9,613.7,624.95,619.95,946727,5869.26,23768,496550,52.45
,616.3,620.5,611.75,616.8,616.45,615.9,615.73,975533,6006.65,28331,436029,44.7
,618.0,622.75,615.0,620.0,620.55,616.8,619.23,1156188,7159.5,30428,630547,54.54
,622.1,633.5,620.2,632.25,633.25,620.0,628.02,1371193,8611.37,31399,753570,54.96
,635.0,637.85,628.0,629.05,628.85,632.25,632.1,888170,5614.09,22936,455624,51.3
,630.75,632.75,624.3,625.9,626.0,629.05,627.01,625593,3922.5,18194,325170,51.98
,626.0,629.5,625.0,626.75,625.95,625.9,626.65,569014,3565.7,15949,283437,49.81
,625.1,631.35,624.0,627.9,627.5,626.75,628.33,624168,3921.81,18820,334127,53.53
,626.5,630.7,621.25,622.6,622.25,627.9,625.26,711064,4446.01,21045,375105,52.75
,623.0,623.7,617.0,618.55,618.55,622.6,619.52,791576,4904.0,20588,468603,59.2
,623.0,629.9,620.6,621.8,621.9,618.55,624.0,608461,3796.81,18271,272050,44.71
,623.1,624.0,618.0,620.45,620.1,621.8,620.37,523272,3246.2,17861,289996,55.42
,621.0,624.4,614.25,615.7,616.0,620.45,620.15,802085,4974.12,24319,374478,46.69
,616.85,620.0,615.8,618.7,620.0,615.7,618.05,534996,3306.53,20058,287226,53.69
,617.5,625.0,617.5,620.9,621.0,618.7,621.6,711158,4420.54,20458,324357,45.61
,624.0,625.95,618.0,620.7,622.1,620.9,621.61,701393,4359.92,18123,355789,50.73
,621.9,623.4,619.5,620.35,620.2,620.7,620.57,501945,3114.92,13402,283743,56.53
,621.5,629.45,619.05,628.25,628.5,620.35,626.19,1166529,7304.74,23556,698092,59.84
,626.75,642.9,623.5,635.75,636.3,628.25,635.9,2019022,12839.01,41786,1000841,49.57
,635.75,640.0,625.0,626.65,625.6,635.75,632.88,927514,5870.06,24667,424243,45.74
,626.75,630.8,621.05,623.05,622.75,626.65,624.92,671845,4198.52,18854,315444,46.95
,624.6,630.6,623.8,627.95,628.25,623.05,627.57,651954,4091.45,19480,331313,50.82
,627.9,635.3,627.9,630.25,630.85,627.95,630.69,705149,4447.33,21100,377148,53.48
,630.0,633.45,624.5,626.75,627.4,630.25,627.73,646004,4055.17,16780,331253,51.28
,627.0,641.4,627.0,639.95,639.45,626.75,636.32,1469797,9352.57,30204,871416,59.29
,644.0,650.7,640.0,647.25,646.7,639.95,646.6,1987633,12852.11,42590,959166,48.26
,648.0,659.75,634.0,641.25,641.3,647.25,647.44,2568000,16626.28,52066,1012218,39.42
,641.3,648.95,641.0,644.55,644.9,641.25,644.52,1008085,6497.35,28518,508510,50.44
,646.15,665.0,646.15,658.5,658.7,644.55,658.17,2593055,17066.79,49453,1119397,43.17
,659.1,664.9,653.05,655.55,655.15,658.5,658.55,1110788,7315.08,27236,494207,44.49
,655.95,659.15,640.55,643.65,643.0,655.55,646.75,1157301,7484.84,41104,665569,57.51
,645.3,647.0,641.0,643.95,643.8,643.65,644.58,672748,4336.37,21673,340891,50.67
,645.5,649.0,639.7,641.7,641.6,643.95,644.42,634420,4088.34,19431,323251,50.95
,666.0,679.0,655.1,659.85,660.0,641.7,664.14,5254644,34898.45,83162,1465916,27.9
,660.0,661.35,648.05,655.8,654.75,659.85,654.33,1215416,7952.84,28172,474463,39.04
,654.5,654.5,648.35,649.25,648.95,655.8,650.89,701542,4566.28,20711,384733,54.84
,650.45,662.0,650.0,659.65,659.05,649.25,658.16,1191732,7843.51,32461,604237,50.7
,659.4,661.0,650.0,650.8,650.55,659.65,653.99,752476,4921.1,23645,398049,52.9
,651.1,655.85,650.5,652.15,653.2,650.8,652.57,566994,3700.02,15385,305305,53.85
,653.8,667.05,652.15,663.9,663.25,652.15,662.28,1786271,11830.16,34360,788148,44.12
,665.7,667.9,658.0,658.65,658.8,663.9,661.76,813337,5382.32,21486,372045,45.74
,660.65,666.15,654.0,655.5,655.3,658.65,660.44,606670,4006.71,17463,298586,49.22
,654.0,657.8,645.0,648.35,648.35,655.5,650.2,698906,4544.31,21384,363822,52.06
,649.75,657.45,649.15,655.2,655.0,648.35,653.77,731456,4782.03,17477,412337,56.37
,655.2,660.5,650.5,651.9,652.0,655.2,655.3,489634,3208.57,14351,248676,50.79
,654.0,655.85,650.25,651.05,651.0,651.9,653.69,574588,3756.01,20302,339009,59.0
,651.35,655.45,643.05,645.3,646.85,651.05,650.51,710410,4621.32,21046,402807,56.7
,645.3,649.4,645.05,645.75,645.6,645.3,646.8,793487,5132.25,20398,444456,56.01
,647.0,664.0,647.0,658.6,657.55,645.75,659.17,2492988,16433.14,41468,1117768,44.84
,660.0,669.05,659.1,660.0,660.3,658.6,664.22,1878186,12475.28,34287,918143,48.88
,661.85,691.0,661.15,678.0,677.5,660.0,680.88,5680338,38676.08,86829,2146122,37.78
,680.2,686.8,674.6,676.1,676.2,678.0,679.99,1684464,11454.11,32656,731634,43.43
,684.0,684.8,673.2,674.15,674.5,676.1,677.27,1578942,10693.73,34379,801191,50.74
,677.65,684.9,675.95,679.05,679.55,674.15,680.21,1592447,10831.95,31398,666944,41.88
,683.4,683.4,658.45,659.65,659.0,679.05,665.48,1594449,10610.72,37444,877441,55.03
,660.05,666.95,654.55,659.3,659.0,659.65,659.36,890096,5868.9,20876,434172,48.78
,662.95,666.0,659.4,660.8,661.0,659.3,662.04,847932,5613.68,21374,404321,47.68
,662.55,671.3,658.6,667.5,668.4,660.8,664.91,1743786,11594.61,32664,776735,44.54
,667.5,671.8,661.7,663.7,663.0,667.5,667.18,732801,4889.13,21988,356834,48.69
,660.0,665.85,653.1,655.65,655.5,663.7,658.55,1074642,7077.11,30053,559584,52.07
,655.45,659.55,654.0,654.55,654.45,655.65,656.66,652802,4286.7,19884,373107,57.15
,655.95,659.8,649.0,651.3,652.5,654.55,653.96,695541,4548.54,17493,320147,46.03
,650.0,653.0,645.5,646.65,647.0,651.3,648.76,651991,4229.84,20739,314010,48.16
,647.85,649.85,644.0,644.95,645.0,646.65,646.64,414742,2681.88,14280,233879,56.39
,645.0,649.85,644.0,644.95,645.2,644.95,645.7,531459,3431.62,13163,289585,54.49
,646.0,652.0,643.05,650.3,649.6,644.95,648.34,923774,5989.18,24693,480008,51.96
,650.3,652.85,646.85,649.75,650.5,650.3,649.15,873339,5669.24,22919,593527,67.96
,648.1,649.55,644.5,645.35,645.0,649.75,645.68,470219,3036.1,16988,284105,60.42
,643.0,644.0,634.05,637.45,637.7,645.35,639.05,694550,4438.5,21194,376368,54.19
,639.1,642.0,636.5,637.75,637.25,637.45,639.29,396155,2532.57,15706,220566,55.68
,638.05,646.0,638.05,644.35,643.35,637.75,644.09,626615,4035.94,19769,313216,49.99
,639.2,639.25,630.1,635.3,635.0,644.35,634.77,718556,4561.17,20792,354123,49.28
,635.35,640.95,634.7,635.5,634.95,635.3,637.53,481417,3069.2,14088,262893,54.61
,638.1,642.0,636.6,637.35,637.0,635.5,639.4,653919,4181.13,15827,352439,53.9
,638.0,644.2,636.2,637.3,637.0,637.35,638.6,1325826,8466.76,20535,898293,67.75
,636.0,639.0,634.0,634.65,634.4,637.3,636.1,615655,3916.17,20793,334258,54.29
,634.65,640.7,634.65,637.15,639.15,634.65,638.33,1139234,7272.06,27229,733650,64.4
,639.35,651.85,639.25,649.2,648.0,637.15,647.62,1103994,7149.71,25975,579413,52.48
,649.2,651.0,634.5,636.6,635.45,649.2,640.81,875559,5610.69,25111,549798,62.79
,634.5,641.0,632.6,634.7,635.25,636.6,635.73,657460,4179.69,17628,276422,42.04
,634.45,637.8,633.8,634.95,635.5,634.7,635.22,654219,4155.74,15884,399969,61.14
,634.95,636.7,615.15,617.45,616.55,634.95,622.24,1105408,6878.31,34557,637178,57.64
,620.0,623.6,608.55,611.05,613.5,617.45,615.66,1094888,6740.78,34960,635883,58.08
,609.85,612.5,597.35,605.0,605.75,611.05,604.13,1084441,6551.48,33720,618099,57.0
,608.0,612.75,606.1,606.65,606.3,605.0,608.87,617526,3759.92,20310,384503,62.27
,606.6,609.15,602.65,604.2,604.5,606.65,605.23,465617,2818.06,18661,262674,56.41
,606.5,609.55,600.2,602.25,602.65,604.2,603.9,536471,3239.73,22028,305066,56.87
,603.85,607.85,599.0,600.0,599.95,602.25,602.74,549716,3313.36,19861,318593,57.96
,603.8,609.05,602.3,606.25,605.8,600.0,605.57,741948,4493.01,26154,412800,55.64
,608.0,610.3,607.0,608.05,607.3,606.25,608.66,418848,2549.34,13755,231898,55.37
,609.9,613.9,609.5,611.4,611.2,608.05,611.89,580132,3549.76,21485,351231,60.54
,612.0,613.9,610.15,610.8,610.4,611.4,611.58,453744,2775.02,14428,246541,54.33
,612.0,615.55,611.0,613.35,613.4,610.8,613.45,744275,4565.79,15449,496017,66.64
,614.0,617.2,613.4,614.8,614.25,613.35,615.52,393625,2422.84,11441,197617,50.2
,614.25,619.6,608.1,610.25,609.8,614.8,613.78,671906,4124.02,21482,348595,51.88
,605.0,606.5,598.25,605.55,606.0,607.85,603.23,1079051,6509.2,27407,496901,46.05
,607.2,611.0,606.1,606.8,607.5,605.55,607.32,840602,5105.16,21014,547851,65.17
,607.85,612.9,604.25,609.3,608.6,606.8,608.87,1367472,8326.18,29154,800482,58.54
,609.3,618.8,608.75,614.65,613.7,609.3,614.18,1177051,7229.24,33826,547401,46.51
,614.65,615.8,609.95,612.0,612.1,614.65,612.4,502409,3076.74,16457,304588,60.63
,613.0,615.7,610.0,610.9,610.6,612.0,612.51,718571,4401.34,21096,449495,62.55
,611.0,613.15,607.7,608.75,607.8,610.9,610.08,600947,3666.27,20450,377095,62.75
,609.25,628.0,608.0,617.7,624.0,608.75,614.19,736051,4520.76,16725,464660,63.13
,620.95,682.0,620.55,677.65,677.7,617.7,666.1,18997036,126540.15,271088,4617246,24.31
,681.0,694.5,671.1,674.3,672.15,677.65,683.21,8034353,54891.12,136339,1920116,23.9
,677.0,692.0,672.05,680.9,678.0,674.3,681.7,3497491,23842.55,65699,1145819,32.76
,682.0,699.0,677.0,679.5,678.5,680.9,687.4,4305902,29598.91,76395,1265677,29.39
,685.0,687.4,667.15,670.9,669.5,679.5,678.58,1616633,10970.18,35774,735837,45.52
,680.0,727.7,680.0,719.0,717.05,670.9,707.08,13408726,94810.77,197291,5083091,37.91
,720.0,726.9,702.6,714.05,713.05,719.0,715.12,5078973,36320.59,103711,2050416,40.37
,719.95,750.8,714.0,746.0,746.0,714.05,741.12,9601936,71161.7,152267,3751626,39.07
,747.9,800.0,736.9,785.45,785.15,746.0,780.03,15595341,121648.53,236261,4114018,26.38
,790.0,803.4,770.0,772.45,772.8,785.45,787.5,6927164,54551.65,145152,2228432,32.17
,775.0,783.65,768.0,770.95,769.65,772.45,776.23,2160731,16772.21,45039,803627,37.19
,770.0,799.0,770.0,791.75,795.25,770.95,788.64,5822501,45918.85,102004,1959422,33.65
,795.5,810.75,795.5,805.05,804.15,791.75,803.66,5973611,48007.23,94786,2289826,38.33
,811.0,820.0,807.2,815.25,812.65,805.05,814.68,4007659,32649.58,79873,1703176,42.5
,816.0,818.9,792.0,796.15,794.5,815.25,801.39,2964146,23754.33,64479,1237496,41.75
,798.0,810.9,793.45,801.65,800.5,796.15,802.71,2171792,17433.12,48491,731533,33.68
,803.25,806.7,792.0,794.05,794.7,801.65,797.17,1396214,11130.16,33461,628981,45.05
,798.0,809.5,755.1,761.25,763.0,794.05,782.82,2897254,22680.43,74766,1313877,45.35
,752.85,768.85,746.3,764.5,766.8,761.25,759.84,2869747,21805.55,69406,1212381,42.25
,807.0,821.0,788.85,792.8,792.2,764.5,804.45,10836454,87173.91,167722,2759264,25.46
,795.0,798.6,780.0,781.3,782.05,792.8,786.6,1907597,15005.21,43274,756563,39.66
,785.0,825.95,784.05,821.4,819.8,781.3,810.01,10656808,86320.89,168225,4257609,39.95
,822.0,836.75,806.6,826.9,831.0,821.4,824.42,7403621,61036.88,136075,2434964,32.89
,827.55,843.9,822.6,832.5,828.55,826.9,832.88,4195993,34947.42,76562,1422462,33.9
,831.5,864.0,831.0,858.75,857.0,832.5,852.36,6424762,54761.94,118300,2335253,36.35
,853.8,856.9,836.0,837.7,838.0,858.75,844.6,3672560,31018.36,83790,1495871,40.73
,837.7,853.3,836.1,838.75,838.2,837.7,843.46,3684845,31080.19,78469,1220817,33.13
,837.0,845.9,833.0,835.25,835.1,838.75,839.27,2024609,16992.02,52745,907833,44.84
,836.6,860.95,836.6,844.4,845.0,835.25,849.66,4193233,35628.05,72302,1559549,37.19
,845.0,848.9,819.3,823.85,824.0,844.4,832.18,2265484,18852.94,52550,1141543,50.39
,829.1,837.85,828.5,832.45,835.0,823.85,832.27,1408365,11721.34,27417,652488,46.33
,835.0,850.95,835.0,838.6,837.5,832.45,842.23,2639631,22231.75,54820,1004598,38.06
,841.0,850.0,831.0,834.0,833.55,838.6,838.95,1576154,13223.1,35846,646017,40.99
,830.0,838.0,827.0,829.3,828.0,834.0,830.79,1800261,14956.47,36170,688433,38.24
,847.0,862.4,841.95,854.8,854.9,829.3,853.45,4450802,37985.18,90352,2140724,48.1
,856.0,900.0,850.0,892.55,893.5,854.8,887.24,12525303,111129.72,214638,4160314,33.22
,882.0,918.45,874.0,887.5,888.0,892.55,900.5,9015612,81185.19,180779,2885408,32.0
,890.0,907.0,867.05,901.2,900.0,887.5,889.82,4546830,40458.68,98438,1217263,26.77
,909.0,915.0,898.0,901.9,901.85,901.2,906.07,3328849,30161.64,86332,1324640,39.79
,943.95,950.05,869.2,875.25,874.0,936.85,905.73,5296256,47969.88,128620,2396379,45.25
,878.2,924.0,866.0,907.2,916.4,875.25,891.88,3503761,31249.33,86441,1190432,33.98
,915.0,923.9,899.1,903.5,906.5,907.2,908.93,2629355,23898.91,71454,955849,36.35
,910.0,931.9,903.6,915.6,915.0,903.5,919.05,3792964,34859.07,89857,1346970,35.51
,922.5,955.0,917.55,932.9,933.0,915.6,943.69,9707445,91608.49,174113,3840756,39.57
,938.15,971.9,936.75,949.75,949.65,932.9,957.35,7726332,73967.68,153300,3490621,45.18
,956.9,964.0,926.0,937.0,936.95,949.75,944.84,3463799,32727.48,79372,1337854,38.62
,942.85,955.15,937.0,945.45,948.0,937.0,948.34,4534536,43002.79,98848,2497171,55.07
,956.5,1028.0,955.0,998.85,995.75,945.45,996.99,17219410,171676.29,332660,6319200,36.7
,1014.05,1033.0,990.25,1025.85,1022.65,998.85,1012.97,7368232,74638.11,158065,2684346,36.43
,1031.05,1050.0,1014.1,1044.45,1049.9,1025.85,1035.36,7354236,76142.73,156696,2710431,36.86
,1073.9,1145.0,1071.0,1105.25,1112.0,1044.45,1109.23,22872046,253703.59,473663,5717355,25.0
,1152.0,1175.0,1067.0,1080.85,1084.0,1105.25,1113.74,21551992,240032.8,467265,5579715,25.89
,1112.05,1125.0,1010.1,1022.45,1024.0,1080.85,1072.28,11741691,125903.29,293276,3249108,27.67
,1029.75,1043.3,979.95,1011.45,1014.0,1022.45,1005.31,8474155,85191.6,211094,2291084,27.04
,1000.0,1078.5,990.0,1070.5,1077.0,1011.45,1043.33,9358003,97634.64,196006,2416644,25.82
,1082.0,1086.9,1049.05,1056.1,1061.0,1070.5,1070.54,5013229,53668.74,145998,1522793,30.38
,1062.0,1067.55,1030.1,1039.85,1039.9,1056.1,1041.55,5404201,56287.21,135998,2522994,46.69
,1080.0,1092.0,1050.0,1052.2,1054.0,1039.85,1063.24,6832181,72642.5,160890,2187553,32.02
,1055.0,1056.4,1036.05,1042.15,1040.0,1052.2,1043.45,3173173,33110.5,86882,1377993,43.43
,1044.0,1054.75,1027.7,1039.55,1041.0,1042.15,1042.61,3929842,40972.98,99715,1355779,34.5
,1041.45,1070.0,1032.05,1064.4,1060.75,1039.55,1053.73,5132257,54080.13,101998,1520678,29.63
,1062.05,1082.0,1048.05,1066.5,1066.55,1064.4,1067.26,4331573,46229.06,105538,1301348,30.04
,1066.5,1075.7,1036.4,1041.15,1041.5,1066.5,1052.88,2958776,31152.23,70534,1351424,45.68
,1044.0,1068.0,1037.1,1040.2,1042.0,1041.15,1051.62,3772686,39674.46,88481,1331938,35.3
,1046.2,1052.9,1003.8,1006.95,1007.45,1040.2,1022.34,3573062,36528.92,95081,1308809,36.63
,1012.0,1027.0,997.1,1022.8,1025.5,1006.95,1014.1,3013025,30554.94,85623,826970,27.45
,1027.2,1040.95,1025.1,1029.7,1029.9,1022.8,1032.04,2087742,21546.43,54092,824517,39.49
,1037.0,1049.0,1021.2,1036.9,1034.0,1036.25,1035.13,2450117,25362.0,70655,772381,31.52
,1037.4,1045.85,1023.9,1027.25,1028.4,1036.9,1035.77,2024712,20971.46,50002,867887,42.86
,1030.0,1034.95,998.25,1010.3,1011.5,1027.25,1011.01,2542290,25702.87,85006,1012365,39.82
,1012.0,1034.0,1007.0,1024.8,1025.5,1010.3,1018.39,1822489,18560.02,53388,759258,41.66
,1035.0,1045.0,1006.05,1011.9,1012.0,1024.8,1027.9,2777683,28551.87,78154,970774,34.95
,1016.9,1018.9,980.55,986.25,989.0,1011.9,994.66,2878325,28629.46,78195,1031399,35.83
,990.45,994.95,900.0,909.75,909.75,986.25,936.66,6431249,60238.9,206674,2534053,39.4
,910.0,962.35,901.05,958.5,961.0,909.75,936.58,4958488,46440.43,123033,1576007,31.78
,957.0,969.7,918.95,925.15,926.0,958.5,936.25,3560100,33331.5,111040,1263180,35.48
,916.5,934.0,902.0,904.4,904.4,925.15,912.83,3765432,34371.85,101894,1391384,36.95
,905.0,918.75,875.65,879.55,879.85,904.4,893.92,4240551,37907.11,114633,1681577,39.65
,885.9,894.8,865.0,866.9,868.95,879.55,874.24,4003650,35001.65,98100,1518055,37.92
,882.0,909.55,877.5,901.8,901.25,866.9,896.42,6292495,56407.39,123941,2170463,34.49
,905.0,909.0,888.5,906.35,906.0,901.8,899.64,4895634,44043.02,78287,2051573,41.91
,909.1,918.0,892.2,897.45,899.95,906.35,908.54,3883441,35282.76,80301,1544563,39.77
,900.95,913.0,888.95,892.5,893.05,897.45,898.29,7788410,69962.29,120713,2988292,38.37
,902.65,928.0,901.75,916.15,917.0,892.5,917.36,4191452,38450.51,90412,1467673,35.02
,925.0,984.45,924.0,970.6,971.95,916.15,952.13,4863536,46307.23,116607,1876146,38.58
,972.65,1001.8,961.3,998.4,996.5,970.6,984.56,5922613,58311.45,132121,1584626,26.76
,995.0,1016.0,990.0,997.75,999.0,998.4,1004.72,4112423,41318.49,103285,1552098,37.74
,1003.8,1016.35,991.95,1006.55,1007.0,997.75,1005.24,3198816,32155.71,76436,1082898,33.85
,1006.0,1011.6,990.05,992.75,992.0,1006.55,998.35,2430940,24269.34,62708,1149555,47.29
,998.0,1007.0,993.05,996.7,995.5,992.75,998.45,1512582,15102.43,45852,590900,39.07
,997.3,1014.9,974.3,979.25,977.0,996.7,993.71,3349559,33284.74,105550,1447636,43.22
,982.8,989.8,974.0,976.95,977.0,979.25,980.0,2414938,23666.44,79604,1139834,47.2
,976.0,981.95,968.0,970.95,972.8,976.95,975.11,1850855,18047.89,62226,918485,49.62
,956.05,974.0,932.05,961.55,964.0,970.95,956.7,2950660,28229.1,90811,1086686,36.83
,954.95,984.3,944.4,975.9,976.05,961.55,973.73,2226633,21681.39,60620,817205,36.7
,980.05,986.0,958.0,961.05,963.45,975.9,972.0,1943056,18886.5,70472,946136,48.69
,952.85,977.0,948.65,973.3,972.6,961.05,967.6,2273800,22001.23,82337,913320,40.17
,978.6,983.8,972.0,974.6,976.9,973.3,977.57,1310535,12811.45,49086,603832,46.08
,979.45,1008.7,977.0,986.1,985.7,974.6,994.47,4958541,49311.21,109656,1561170,31.48
,991.95,1010.0,988.45,990.75,993.0,986.1,998.05,2492259,24873.98,70964,980688,39.35
,995.0,995.2,979.45,984.5,985.0,990.75,984.51,1754417,17272.4,50174,807479,46.03
,989.0,1005.5,982.0,988.05,988.0,984.5,992.4,3359199,33336.77,72871,1465234,43.62
,994.0,994.0,977.6,980.2,981.15,988.05,982.65,2000595,19658.9,94847,1129525,56.46
,985.15,991.0,975.55,978.25,980.0,980.2,981.37,1883464,18483.76,70337,862959,45.82
,1058.35,1078.8,1032.25,1067.65,1065.9,1012.7,1054.22,8680378,91510.17,178015,3880828,44.71
,1052.0,1052.0,880.05,927.85,934.0,1067.65,964.87,11529105,111240.92,306128,4533468,39.32
,946.0,948.0,901.0,941.4,938.95,927.85,930.65,3835996,35699.81,127865,1482953,38.66
,954.8,993.85,954.4,980.8,985.0,941.4,980.31,3548002,34781.59,84991,1233174,34.76
,983.0,997.75,976.45,994.2,996.0,980.8,990.71,2201013,21805.62,53070,983836,44.7
,1001.0,1007.95,992.0,997.4,997.35,994.2,1000.95,2211500,22136.0,58236,972795,43.99
,999.0,1020.95,992.1,1006.7,1006.5,997.4,1005.77,2965921,29830.23,64773,1128168,38.04
,1010.0,1016.8,996.05,998.45,999.0,1006.7,1006.03,2320470,23344.54,52630,1291602,55.66
,1004.0,1013.45,995.5,1002.3,1003.0,998.45,1002.96,1570380,15750.24,43412,645762,41.12
,1005.8,1071.7,1002.45,1066.85,1061.85,1002.3,1047.94,12499063,130983.3,231133,5031111,40.25
,1066.85,1085.0,1051.4,1056.5,1057.0,1066.85,1064.53,4276266,45522.25,105671,1590642,37.2
,1061.0,1063.85,1023.45,1031.5,1032.75,1056.5,1035.61,3184916,32983.33,77971,1247040,39.15
,1033.45,1041.0,1025.0,1027.4,1028.1,1031.5,1031.35,1930583,19911.14,43454,929071,48.12
,1031.4,1045.8,1015.05,1023.95,1025.0,1027.4,1027.09,2488419,25558.43,64127,927048,37.25
,1018.75,1028.3,1005.0,1015.45,1016.0,1023.95,1016.9,1521674,15473.94,46467,588722,38.69
,1023.0,1023.25,1005.75,1007.65,1008.0,1015.45,1012.57,1268764,12847.12,40203,548402,43.22
,1008.0,1023.8,999.2,1001.4,1001.0,1007.65,1007.83,1850138,18646.23,47693,1004206,54.28
,1003.55,1017.4,988.05,991.75,993.0,1001.4,1000.42,2516238,25173.01,83775,1156393,45.96
,998.0,1014.0,985.2,988.75,992.0,991.75,998.12,2730672,27255.45,81427,1216081,44.53
,995.0,1006.1,990.1,996.35,995.0,988.75,998.94,1804287,18023.73,54460,725475,40.21
,998.0,999.7,982.2,985.45,986.0,996.35,989.41,1535205,15189.48,46279,766803,49.95
,985.45,993.4,985.45,988.2,988.95,985.45,989.47,1128509,11166.22,33376,497614,44.09
,991.0,1024.5,991.0,1010.2,1010.3,988.2,1011.94,3904568,39511.87,88910,1433449,36.71
,1010.2,1024.2,1003.8,1015.65,1014.55,1010.2,1013.01,2331848,23621.81,58781,858572,36.82
,1017.0,1026.4,999.1,1013.35,1012.0,1015.65,1014.21,2355243,23887.0,58106,692345,29.4
,1014.5,1042.0,1008.2,1032.35,1033.1,1013.35,1022.68,6941750,70991.64,87184,4237117,61.04
,1032.95,1062.0,1016.0,1049.5,1047.8,1032.35,1042.54,7415472,77309.24,127295,3301159,44.52
,1052.95,1062.9,1039.2,1057.35,1058.0,1049.5,1051.35,3411317,35864.94,66021,1555722,45.6
,1065.0,1065.95,1045.6,1051.55,1052.0,1057.35,1056.25,2662257,28120.16,57809,1102096,41.4
,1055.0,1067.0,1038.6,1060.3,1058.0,1051.55,1057.5,2971983,31428.82,55187,1466794,49.35
,1065.0,1117.8,1058.2,1108.45,1105.95,1060.3,1099.51,14185936,155976.29,248342,5951125,41.95
,1109.0,1130.0,1088.3,1109.65,1106.65,1108.45,1111.17,7475945,83070.16,156676,2802595,37.49
,1106.0,1118.7,1063.35,1108.25,1107.0,1109.65,1091.72,5579511,60912.53,118655,2548629,45.68
,1100.0,1146.4,1090.0,1123.7,1121.0,1108.25,1132.61,6769614,76673.12,152381,2681306,39.61
,1130.45,1143.7,1044.5,1086.65,1085.0,1123.7,1108.59,6560323,72726.94,165652,2179156,33.22
,1090.0,1170.0,1088.15,1160.55,1155.0,1086.65,1139.6,7850480,89463.99,182161,2757737,35.13
,1140.0,1173.0,1130.0,1160.9,1159.2,1160.55,1158.99,5527885,64067.48,121668,1792437,32.43
,1165.0,1197.0,1151.05,1184.35,1190.0,1160.9,1179.88,7729718,91201.54,169653,2910234,37.65
,1194.65,1197.0,1165.3,1173.6,1180.1,1184.35,1176.61,3020820,35543.3,83830,1359515,45.0
,1173.6,1192.45,1163.8,1188.1,1187.0,1173.6,1179.36,3011688,35518.76,83918,975903,32.4
,1188.1,1193.5,1168.85,1176.1,1176.0,1188.1,1177.77,3126309,36820.71,67319,1169898,37.42
,1183.15,1222.0,1176.05,1179.15,1179.0,1176.1,1203.88,6938545,83531.74,165595,2178738,31.4
,1172.05,1191.0,1160.0,1179.55,1182.7,1179.15,1176.59,3057586,35975.31,73527,867192,28.36
,1154.0,1154.0,1087.0,1107.65,1109.0,1179.55,1115.74,5878903,65593.09,149730,2566140,43.65
,1120.0,1136.9,1076.2,1079.55,1084.8,1107.65,1106.44,3343418,36992.88,86518,1091745,32.65
,1115.0,1127.8,1084.75,1123.55,1124.0,1079.55,1112.01,2488460,27671.87,64109,748516,30.08
,1126.0,1148.4,1118.9,1125.6,1124.0,1123.55,1133.12,2615890,29641.19,68807,627070,23.97
,1155.0,1160.0,1128.95,1133.45,1136.6,1125.6,1138.22,3598457,40958.35,90728,1342612,37.31
,1125.0,1130.3,1071.1,1074.35,1077.0,1133.45,1090.03,5939943,64747.42,166108,2381750,40.1
,1086.0,1089.9,1020.1,1028.6,1033.0,1074.35,1051.86,3776212,39720.38,122318,1733527,45.91
,1042.5,1044.0,1003.75,1027.3,1034.0,1028.6,1021.97,3380840,34551.21,114177,1123456,33.23
,1040.0,1065.0,1037.3,1057.3,1058.2,1027.3,1050.1,2611128,27419.57,69813,1065464,40.8
,1059.65,1075.0,1056.65,1072.35,1071.0,1057.3,1068.55,1779464,19014.38,48113,734395,41.27
,1074.95,1082.0,1065.55,1067.95,1068.0,1072.35,1073.51,1145286,12294.79,43577,501686,43.8
,1069.9,1086.75,1065.0,1084.15,1081.75,1067.95,1077.55,1381891,14890.6,41964,578820,41.89
,1092.0,1092.0,1072.5,1075.5,1076.9,1084.15,1079.14,1019258,10999.21,39883,512388,50.27
,1080.3,1080.3,1059.0,1061.35,1060.55,1075.5,1067.47,922493,9847.36,37561,442859,48.01
,1065.0,1073.75,1049.7,1052.05,1051.95,1061.35,1057.03,1156208,12221.46,41063,561358,48.55
,1061.9,1090.0,1045.0,1079.15,1080.5,1052.05,1073.86,3116822,33470.33,69139,1222765,39.23
,1080.45,1095.0,1073.0,1084.5,1083.0,1079.15,1085.56,1481538,16082.96,40950,632543,42.7
,1088.0,1088.0,1061.0,1068.85,1071.0,1084.5,1069.43,1520168,16257.1,42458,579296,38.11
,1070.0,1078.5,1061.0,1064.25,1061.0,1068.85,1068.98,933547,9979.44,33543,361260,38.7
,1065.5,1070.25,1055.75,1058.6,1058.75,1064.25,1062.43,857165,9106.8,33928,364745,42.55
,1064.0,1068.8,1054.45,1062.3,1062.15,1058.6,1061.13,857613,9100.39,36071,361242,42.12
,1055.1,1069.9,1050.6,1064.75,1064.0,1062.3,1059.04,978470,10362.35,31409,399777,40.86
,1064.0,1079.95,1058.3,1069.3,1068.0,1064.75,1069.61,1019982,10909.84,36892,387291,37.97
,1065.0,1072.0,1035.0,1038.9,1040.0,1069.3,1048.12,1370284,14362.17,51700,657041,47.95
,1038.9,1044.9,1020.0,1029.3,1035.25,1038.9,1027.15,1433956,14728.91,53375,558921,38.98
,1034.0,1045.0,1030.0,1032.15,1034.0,1029.3,1036.54,749982,7773.89,28793,303412,40.46
,1033.0,1036.85,1004.85,1013.7,1013.0,1032.15,1021.9,973759,9950.8,36068,483287,49.63
,1019.9,1034.9,1018.95,1031.6,1033.5,1013.7,1027.98,836623,8600.31,30482,360085,43.04
,1035.0,1046.0,1028.7,1034.15,1034.0,1031.6,1038.35,870819,9042.14,30055,354873,40.75
,1039.0,1041.65,1026.05,1028.15,1029.0,1034.15,1030.81,927727,9563.06,33940,545297,58.78
,1029.95,1029.95,1020.0,1021.2,1020.1,1028.15,1022.91,502810,5143.29,24413,256744,51.06
,1021.0,1034.45,1016.0,1018.6,1018.15,1021.2,1024.77,708747,7263.01,31687,283192,39.96
,1023.0,1029.55,991.0,1000.55,1001.0,1018.6,1004.05,1381614,13872.05,61746,701653,50.79
,1008.0,1024.45,1002.5,1010.35,1014.0,1000.55,1010.98,1547836,15648.33,48434,711582,45.97
,1012.95,1037.45,1012.15,1032.85,1033.0,1010.35,1028.98,1343379,13823.12,47461,600229,44.68
,1032.85,1043.45,1025.25,1028.2,1027.45,1032.85,1034.06,922727,9541.52,45474,467142,50.63
,1026.95,1032.45,1013.1,1019.0,1021.9,1028.2,1018.91,979782,9983.06,38076,550877,56.22
,1024.0,1048.9,1010.5,1028.05,1028.0,1019.0,1032.31,2653652,27393.79,99226,772183,29.1
,1033.2,1033.2,1020.4,1024.25,1025.1,1028.05,1024.64,1196872,12263.69,46845,730169,61.01
,1022.0,1022.0,1003.1,1006.95,1007.9,1024.25,1008.4,1434359,14464.14,58643,868332,60.54
,1008.35,1012.4,999.0,1000.05,1000.6,1006.95,1003.59,1146284,11503.96,49130,684709,59.73
,990.0,994.85,964.25,967.35,968.85,1000.05,978.47,1963460,19211.96,91164,1227855,62.54
,973.0,982.8,955.7,971.15,970.0,967.35,971.47,1345161,13067.82,61618,500870,37.23
,971.0,977.0,924.15,931.0,930.85,971.15,937.02,3406517,31919.65,165034,1854469,54.44
,931.0,967.45,923.1,964.4,962.8,931.0,950.38,3021144,28712.46,85197,1769340,58.57
,971.0,977.25,964.0,970.95,971.0,964.4,971.27,857896,8332.49,39141,368682,42.98
,974.0,979.2,962.05,965.15,965.9,970.95,970.18,600669,5827.57,28725,266905,44.43
,967.45,971.9,947.25,948.85,951.0,965.15,954.64,957899,9144.48,39491,544671,56.86
,958.3,965.95,954.75,959.5,961.6,948.85,960.15,655775,6296.44,30603,271832,41.45
,963.0,965.0,943.3,947.85,948.0,959.5,950.42,1201370,11418.02,48911,740706,61.66
,947.85,955.0,941.25,942.95,943.0,947.85,945.01,976566,9228.64,45921,580717,59.47
,942.95,949.9,931.0,933.1,934.9,942.95,936.79,731896,6856.35,39998,382558,52.27
,930.0,941.95,925.3,934.9,936.0,933.1,934.75,707640,6614.68,34323,302575,42.76
,945.0,952.9,922.1,926.3,922.95,934.9,933.36,767516,7163.72,42614,364863,47.54
,926.0,933.3,909.25,915.5,915.45,926.3,915.65,1397403,12795.36,59724,813573,58.22
,919.85,924.9,895.15,909.45,908.35,915.5,911.75,1053255,9603.1,52279,311183,29.54
,906.0,924.0,906.0,912.4,915.0,909.45,913.17,911588,8324.37,41596,444508,48.76
,910.1,918.0,888.3,903.65,904.0,912.4,899.52,1268810,11413.16,54940,654278,51.57
,909.35,923.65,896.65,915.4,915.5,903.65,910.52,1060660,9657.47,36527,503737,47.49
,920.1,937.15,915.8,934.4,934.0,915.4,927.27,1053721,9770.8,42188,435677,41.35
,937.85,947.45,930.05,934.95,935.0,934.4,939.11,683462,6418.48,32924,265307,38.82
,933.0,939.5,920.0,923.05,923.4,934.95,927.42,634496,5884.43,31942,387587,61.09
,926.9,932.0,925.3,930.35,930.7,923.05,929.55,153297,1424.97,10511,106388,69.4
,934.0,936.4,911.25,923.75,923.1,930.35,921.25,614860,5664.4,40002,283030,46.03
,925.0,930.35,915.8,928.65,928.8,923.75,924.63,834576,7716.71,48291,440285,52.76
,930.0,947.8,924.15,945.25,946.0,928.65,938.29,1026191,9628.64,42232,436397,42.53
,945.0,954.0,927.15,929.7,928.2,945.25,940.14,816992,7680.9,32005,381475,46.69
,931.0,934.85,911.9,914.65,915.55,929.7,920.81,717691,6608.55,32496,345960,48.2
,920.0,933.7,909.0,918.45,920.0,914.65,922.13,1238920,11424.4,54649,321815,25.98
,930.5,958.0,918.0,921.15,921.25,918.45,939.07,2255309,21178.87,81859,567767,25.17
,922.0,924.9,890.05,897.9,900.2,921.15,899.48,1326985,11935.92,59367,630126,47.49
,905.0,924.5,895.6,908.65,907.55,897.9,910.25,1221663,11120.14,46501,373932,30.61
,908.65,916.95,900.0,901.75,901.35,908.65,905.35,667386,6042.19,32251,245229,36.74
,910.0,916.65,894.0,896.65,896.6,901.75,907.85,778486,7067.5,30250,300205,38.56
,894.0,898.95,872.0,881.95,883.75,896.65,886.26,1648142,14606.89,51653,654971,39.74
,884.0,895.0,879.0,889.5,892.0,881.95,886.32,947168,8394.94,34790,269894,28.49
,905.95,911.75,902.6,905.05,904.95,889.5,905.51,1116286,10108.12,35410,499465,44.74
,905.05,919.8,900.0,907.2,904.1,905.05,910.18,873562,7951.01,31531,249680,28.58
,910.0,917.5,906.0,916.3,916.6,907.2,912.56,779480,7113.22,29575,377639,48.45
,920.0,952.5,917.25,938.6,940.9,916.3,937.93,2788917,26158.05,83854,957808,34.34
,947.0,992.15,945.0,985.5,984.9,938.6,976.45,7397971,72237.49,168161,3101021,41.92
,985.0,999.95,974.35,983.8,981.9,985.5,987.57,1979567,19549.71,64727,706578,35.69
,990.0,995.0,966.2,969.75,968.0,983.8,977.77,1659133,16222.45,53912,759170,45.76
,970.0,982.0,967.6,971.35,973.2,969.75,974.4,1044244,10175.13,39502,394208,37.75
,978.0,981.0,966.25,976.9,976.0,971.35,974.4,1211446,11804.29,38873,342747,28.29
,977.9,992.95,975.2,983.25,982.85,976.9,984.9,1330397,13103.09,44956,617710,46.43
,987.65,1007.8,981.85,986.35,985.9,983.25,995.3,2050254,20406.24,61561,686303,33.47
,979.0,979.0,945.5,948.2,947.4,986.35,954.3,3666785,34992.3,94713,1448509,39.5
,948.2,952.0,937.15,938.8,937.9,948.2,943.13,1218352,11490.68,43308,539978,44.32
,939.0,944.0,926.55,928.5,928.9,938.8,934.06,1226052,11452.09,46864,573032,46.74
,928.9,934.0,913.55,931.9,931.35,928.5,924.91,1275193,11794.33,50086,300456,23.56
,935.0,936.5,923.0,923.9,923.9,931.9,927.09,709525,6577.96,28886,316073,44.55
,931.4,934.8,918.0,920.05,918.4,923.9,926.41,1020033,9449.72,38418,466687,45.75
,920.0,924.5,905.0,906.45,906.5,920.05,911.53,1200629,10944.09,39735,508460,42.35
,895.0,908.0,890.55,905.05,906.0,906.45,900.66,1432458,12901.64,43188,550286,38.42
,905.7,914.9,895.35,901.7,901.0,905.05,907.04,1401586,12712.88,56759,581273,41.47
,902.5,906.9,892.6,904.8,905.1,901.7,902.26,1947520,17571.63,39170,1165735,59.86
,904.7,904.8,890.0,890.65,890.0,904.8,894.8,980630,8774.68,36347,423925,43.23
,890.65,895.0,885.15,891.9,892.35,890.65,890.78,766954,6831.84,32947,335571,43.75
,893.0,899.9,885.5,887.0,886.95,891.9,891.9,592236,5282.15,25144,335095,56.58
,891.75,928.9,878.45,905.4,912.5,887.0,900.7,3192145,28751.77,77488,2166339,67.86
,903.0,903.0,883.1,892.0,891.35,905.4,889.42,1282443,11406.28,44167,521212,40.64
,898.0,904.5,896.05,902.35,902.5,896.4,900.82,601073,5414.58,23631,236894,39.41
,904.0,917.9,902.35,908.4,908.0,902.35,909.28,889032,8083.76,31725,340807,38.33
,908.4,909.9,872.1,875.85,877.0,908.4,884.38,1060694,9380.58,50787,522300,49.24
,877.9,885.0,861.15,876.4,876.2,875.85,873.3,1323119,11554.74,52481,348838,26.36
,877.0,878.85,867.5,868.9,869.05,876.4,870.65,762531,6638.94,32294,275677,36.15
,872.0,873.9,839.7,843.1,848.5,868.9,852.61,1486683,12675.63,65775,769528,51.76
,845.0,852.0,835.85,839.5,839.55,843.1,842.94,1098164,9256.86,45270,431814,39.32
,830.0,836.85,807.5,808.95,808.5,839.5,823.13,1715367,14119.62,76418,688561,40.14
,815.0,827.75,806.85,825.4,827.0,808.95,817.73,879737,7193.85,42084,326395,37.1
,833.0,838.0,818.5,836.05,835.0,825.4,829.28,984158,8161.45,36526,388754,39.5
,837.2,856.0,837.2,844.35,845.7,836.05,848.16,1504145,12757.5,44160,523401,34.8
,845.9,858.95,844.55,854.9,854.5,844.35,853.87,772593,6596.96,31956,287042,37.15
,859.9,865.0,855.0,859.0,857.05,854.9,860.66,648046,5577.49,28632,207046,31.95
,860.0,863.8,835.5,837.55,836.0,859.0,846.44,822668,6963.42,40322,267819,32.55
,841.7,843.45,818.7,828.55,827.5,837.55,827.55,925304,7657.34,39736,318050,34.37
,828.5,840.9,824.5,837.25,836.5,828.55,835.67,713322,5961.02,27042,252013,35.33
,839.5,839.9,820.0,821.25,821.6,837.25,827.85,529524,4383.65,27197,219894,41.53
,820.6,821.0,807.45,809.05,808.65,821.25,812.64,711008,5777.94,36685,292317,41.11
,816.15,825.95,805.0,818.65,819.0,809.05,816.83,1267694,10354.91,52034,429431,33.87
,824.4,835.55,820.25,828.2,827.0,818.65,830.23,939222,7797.74,43496,221266,23.56
,830.0,836.65,820.1,824.9,827.1,828.2,827.82,759283,6285.46,33739,313193,41.25
,827.0,846.45,824.2,845.45,844.95,824.9,840.81,885919,7448.93,45948,328135,37.04
,844.0,844.0,820.1,830.15,830.0,848.2,829.96,948970,7876.07,48782,257209,27.1
,835.0,839.45,830.6,834.5,833.7,830.15,834.68,587330,4902.31,29310,237218,40.39
,837.0,848.8,833.85,842.65,841.45,834.5,843.33,839048,7075.93,54464,321710,38.34
,842.65,844.0,826.8,828.8,829.1,842.65,833.02,614796,5121.38,44681,265540,43.19
,834.4,835.95,809.15,816.1,811.0,828.8,818.96,1360842,11144.69,59503,438103,32.19
,814.0,824.8,806.35,808.9,807.55,816.1,813.45,1907216,15514.16,82336,550603,28.87
,814.0,814.15,790.2,799.8,797.2,808.9,797.77,1442861,11510.65,66912,431292,29.89
,801.3,801.3,775.8,782.4,782.15,799.8,785.84,1636244,12858.23,64219,407758,24.92
,780.0,793.85,780.0,784.8,783.0,782.4,787.82,911513,7181.07,39456,355720,39.03
,786.0,788.35,755.05,759.1,758.0,784.8,765.69,1539217,11785.69,62944,529097,34.37
,759.1,769.65,744.95,765.15,767.5,759.1,757.68,1487219,11268.43,52846,501096,33.69
,765.15,772.8,756.0,758.95,758.4,765.15,762.48,886367,6758.38,35800,316722,35.73
,763.45,778.5,762.0,776.5,777.75,764.0,772.02,1003547,7747.56,36049,394164,39.28
,776.5,785.7,774.2,780.9,780.0,776.5,780.79,965646,7539.69,34484,308874,31.99
,775.0,780.0,771.05,775.4,774.5,780.9,775.42,614436,4764.45,29107,199803,32.52
,771.05,778.15,754.1,756.55,754.8,775.4,761.48,1068103,8133.37,39580,398303,37.29
,757.0,759.0,739.4,741.1,740.7,756.55,747.48,1197719,8952.72,42651,376138,31.4
,738.95,743.0,727.55,740.5,740.5,741.1,737.06,1658144,12221.59,58505,662541,39.96
,741.0,748.2,715.3,729.2,729.85,740.5,728.42,1583826,11536.9,62555,513966,32.45
,727.55,738.5,723.2,733.2,733.5,729.2,733.65,840575,6166.91,32470,344389,40.97
,735.7,763.0,735.7,761.8,762.55,733.2,754.58,1126619,8501.23,33835,466624,41.42
,768.0,770.0,760.05,766.8,764.35,761.8,765.22,856309,6552.61,31783,381161,44.51
,765.0,772.25,758.5,763.15,764.0,766.8,765.1,760968,5822.17,32473,332810,43.74
,764.0,768.15,748.0,752.05,749.0,763.15,759.21,773461,5872.22,32436,400187,51.74
,745.1,761.0,742.6,754.25,755.4,752.05,753.75,1243675,9374.25,44809,673261,54.13
,760.0,761.65,731.4,744.5,743.7,754.25,744.15,1083297,8061.32,37783,446927,41.26
,745.0,751.9,734.6,740.15,740.5,744.5,743.17,1311951,9750.07,44979,676771,51.59
,741.65,748.85,737.7,745.4,744.5,740.15,744.17,987412,7348.06,27431,547619,55.46
,748.85,759.0,747.55,757.4,757.2,745.4,754.0,1551963,11701.73,39838,925370,59.63
,762.4,780.75,760.2,776.75,777.0,757.4,771.99,1463331,11296.79,38378,648916,44.35
,775.0,782.55,770.0,779.5,779.0,776.75,777.62,1227224,9543.14,33766,516069,42.05
,784.6,793.95,779.5,791.35,789.75,779.5,788.96,1421811,11217.58,39319,569842,40.08
,794.8,807.95,789.0,800.55,802.0,791.35,799.67,1521477,12166.81,40752,672587,44.21
,806.3,806.3,785.55,789.4,787.0,800.55,795.86,1205481,9593.97,38039,583526,48.41
,793.05,798.35,785.05,786.85,785.9,789.4,791.9,1205126,9543.36,35861,632768,52.51
,781.0,805.95,780.05,801.15,800.2,786.85,793.79,1980683,15722.49,46057,972818,49.12
,799.0,815.45,794.5,799.4,799.0,801.15,805.69,1786482,14393.5,51165,700955,39.24
,798.0,812.4,787.0,810.95,809.0,797.75,801.95,1410244,11309.48,40669,539613,38.26
,808.0,819.0,803.7,815.3,816.9,810.95,812.89,865788,7037.89,28293,415098,47.94
,815.35,817.8,786.5,792.15,794.0,815.3,798.22,1130431,9023.38,38346,516391,45.68
,745.0,772.9,742.8,767.2,770.05,792.15,760.47,1187822,9033.03,57094,459929,38.72
,783.0,786.0,771.1,784.8,786.0,767.2,780.76,594843,4644.27,29729,207652,34.91
,781.05,782.0,767.0,767.7,767.9,784.8,772.38,524963,4054.72,22897,229381,43.69
,791.0,792.0,768.0,771.05,770.9,767.7,775.38,776497,6020.78,25934,383982,49.45
,779.0,787.35,777.5,784.3,786.05,771.05,783.16,673645,5275.69,24641,365491,54.26
,784.0,799.4,783.5,797.65,798.0,784.3,794.04,1072958,8519.66,28115,487765,45.46
,799.95,806.75,792.35,803.2,801.7,797.65,800.96,957520,7669.36,43777,421721,44.04
,804.0,825.9,802.75,817.5,818.4,803.2,817.47,1216066,9940.95,38632,476870,39.21
,820.0,827.4,813.65,821.4,821.45,817.5,822.54,793714,6528.64,32186,318980,40.19
,823.0,826.95,809.05,820.65,819.6,821.4,817.28,942633,7703.95,32113,288286,30.58
,816.5,824.5,812.8,815.1,814.6,820.65,817.67,535849,4381.46,25420,211767,39.52
,819.0,829.0,787.7,791.2,789.4,815.1,800.21,1202841,9625.27,48203,431519,35.87
,790.0,807.0,787.2,803.7,800.9,791.2,800.72,874157,6999.57,37154,407056,46.57
,805.0,814.2,798.15,800.4,798.85,803.7,805.58,670267,5399.57,26169,293648,43.81
,799.95,808.75,790.0,795.75,791.15,800.4,802.27,798645,6407.32,25028,336663,42.15
,954.0,966.45,946.4,962.4,959.9,954.45,960.31,2565515,24637.02,70955,886139,34.54
,961.0,968.2,950.0,953.65,953.0,962.4,958.12,1358922,13020.07,44791,480983,35.39
,954.6,957.4,946.9,953.25,954.0,953.65,951.81,1325090,12612.29,36484,677792,51.15
,953.25,961.45,950.55,956.6,955.65,953.25,957.54,1060407,10153.86,32364,449300,42.37
,955.65,960.95,951.8,959.85,958.65,956.6,957.42,1048953,10042.89,32163,455460,43.42
,959.9,973.35,958.65,962.9,963.0,959.85,964.9,1644441,15867.17,41595,618620,37.62
,963.5,970.95,945.7,947.45,947.4,962.9,954.84,1491021,14236.88,36822,772986,51.84
,950.0,968.5,947.75,964.8,962.6,947.45,959.74,2050914,19683.38,49145,934701,45.57
,964.8,964.95,942.0,943.7,945.0,964.8,952.33,1014410,9660.48,29188,397685,39.2
,933.0,943.05,921.2,937.95,939.35,943.7,935.97,1015649,9506.18,30017,391559,38.55
,935.0,951.0,929.5,949.4,948.95,937.95,941.98,942908,8881.99,27913,405528,43.01
,946.0,954.0,943.25,947.45,945.0,949.4,948.24,650034,6163.85,21233,262755,40.42
,943.0,949.95,933.0,934.6,934.8,947.45,937.33,959993,8998.26,35107,477477,49.74
,934.0,943.7,922.55,927.9,925.4,934.6,930.29,741716,6900.11,27595,322313,43.46
,927.8,942.0,924.15,936.55,937.5,927.9,935.18,878908,8219.41,28759,384550,43.75
,928.0,949.0,927.35,939.95,938.2,936.55,940.0,799215,7512.64,30330,308569,38.61
,948.3,954.9,943.0,945.65,947.65,939.95,949.23,1242288,11792.14,30672,621315,50.01
,946.95,953.9,944.1,951.1,951.0,945.65,949.01,901902,8559.15,29257,424683,47.09
,951.1,959.2,946.3,957.55,956.55,951.1,953.06,1399813,13341.01,30491,366548,26.19
,958.0,962.25,950.5,957.7,959.5,957.55,957.19,739305,7076.56,26514,328920,44.49
,957.7,980.0,957.2,972.8,972.95,957.7,972.06,2437347,23692.39,67617,980025,40.21
,977.0,977.9,962.55,970.95,969.0,972.8,970.28,904582,8776.97,27064,352302,38.95
,967.0,970.95,952.8,958.0,957.0,970.95,961.2,721322,6933.34,26065,296824,41.15
,958.0,961.5,944.9,946.0,945.5,958.0,950.19,913793,8682.73,33609,475764,52.06
,945.0,953.85,934.0,940.7,942.5,946.0,942.23,787030,7415.67,31556,323592,41.12
,940.7,947.0,938.05,943.7,944.45,940.7,943.49,464630,4383.72,20445,240197,51.7
,943.7,949.05,940.9,946.85,945.5,943.7,945.98,540491,5112.94,26266,251643,46.56
,946.85,953.0,944.55,946.0,946.0,946.85,947.72,482380,4571.62,23354,229172,47.51
,937.0,941.95,921.0,926.55,926.9,946.0,930.97,1985307,18482.68,48354,894126,45.04
,926.55,933.95,920.5,922.4,920.8,926.55,926.44,602074,5577.84,22960,229886,38.18
,920.6,921.7,912.0,916.4,916.4,922.4,915.91,843161,7722.63,27258,346569,41.1
,916.4,927.0,916.4,925.2,925.9,916.4,922.77,409783,3781.34,24998,157468,38.43
,927.5,933.65,925.2,932.65,932.95,925.2,930.09,538370,5007.34,23951,222456,41.32
,933.0,935.75,927.0,928.25,927.5,932.65,931.41,402400,3747.99,17171,196723,48.89
,928.25,932.85,920.3,923.15,923.5,928.25,924.58,311216,2877.45,19181,124258,39.93
,920.0,929.95,917.6,928.15,928.95,923.15,925.47,458335,4241.76,17625,221852,48.4
,929.1,932.7,916.3,919.05,919.8,928.15,924.3,480584,4442.05,19169,235384,48.98
,922.5,925.45,914.7,922.0,923.0,919.05,920.84,625338,5758.34,23881,238562,38.15
,922.0,925.35,910.05,917.0,918.0,922.0,919.85,481852,4432.31,21393,235184,48.81
,910.0,910.0,882.1,886.85,886.3,917.0,893.07,1223102,10923.17,39565,581211,47.52
,881.1,898.9,880.05,890.8,888.8,886.85,892.35,980461,8749.18,32421,383146,39.08
,888.95,902.95,886.65,899.05,899.0,890.8,897.53,530162,4758.34,18824,198331,37.41
,899.0,906.95,899.0,902.0,902.55,899.05,902.99,587832,5308.05,22237,213384,36.3
,895.95,896.95,888.15,895.0,895.75,902.0,893.71,583642,5216.08,21539,274966,47.11
,895.0,900.25,881.7,884.85,885.2,895.0,887.67,882601,7834.58,31516,411298,46.6
,880.05,897.5,878.0,895.3,896.25,884.85,891.99,818695,7302.7,36890,383147,46.8
,890.0,899.1,890.0,892.25,891.8,895.3,893.86,454682,4064.22,18766,228369,50.23
,890.0,902.0,888.0,892.75,895.0,892.25,894.93,691080,6184.7,26421,277890,40.21
,894.9,896.3,874.0,885.0,886.4,892.75,883.9,554212,4898.69,25284,201334,36.33
,905.0,927.1,904.0,912.95,910.8,885.0,917.75,4531839,41591.16,108282,817453,18.04
,914.0,916.8,892.1,906.35,905.8,912.95,901.89,1320560,11909.95,41688,283891,21.5
,905.0,928.0,903.9,916.5,915.8,906.35,919.76,1284334,11812.79,43286,340197,26.49
,916.0,920.95,881.2,887.5,886.85,916.5,895.21,1526696,13667.11,50720,530073,34.72
,890.0,894.6,885.0,887.75,887.0,887.5,889.42,761942,6776.83,23170,293057,38.46
,909.6,915.2,888.4,890.15,890.6,887.75,901.14,1334084,12022.02,38634,403425,30.24
,891.0,896.3,883.0,894.3,894.35,890.15,890.3,1160144,10328.74,24572,656972,56.63
,892.85,901.3,890.7,899.35,899.65,894.3,896.65,432997,3882.49,17821,185843,42.92
,917.0,917.0,886.6,895.6,893.8,899.35,902.94,1844457,16654.35,45750,484536,26.27
,895.6,900.8,886.05,889.1,890.0,895.6,891.1,755980,6736.54,26860,328837,43.5
,891.0,895.65,887.5,894.05,895.0,889.1,892.99,621627,5551.04,22549,316800,50.96
,891.25,894.5,885.05,888.35,887.95,894.05,888.77,1030729,9160.77,30049,565278,54.84
,887.0,889.6,866.0,869.5,869.0,888.35,874.9,903333,7903.23,39093,377353,41.77
,868.9,870.3,850.1,852.15,853.65,869.5,859.84,926244,7964.23,42338,353636,38.18
,853.8,864.95,852.15,859.15,860.0,852.15,858.85,784731,6739.63,27295,443738,56.55
,863.35,868.85,856.0,864.15,864.0,859.15,864.18,500854,4328.28,20977,189288,37.79
,868.45,872.95,865.95,870.7,870.7,864.15,870.05,648680,5643.81,19426,326753,50.37
,910.0,910.0,873.35,878.1,880.0,870.7,886.18,2687918,23819.87,58798,809345,30.11
,879.65,882.25,865.2,877.35,877.25,878.1,872.61,990252,8641.07,30294,332306,33.56
,875.0,879.9,872.55,874.7,874.7,876.55,875.19,583070,5102.98,19827,282639,48.47
,874.7,880.0,874.7,877.65,877.8,874.7,877.29,546181,4791.61,21303,300022,54.93
,878.0,879.2,871.4,877.1,877.15,877.65,875.88,970028,8496.26,28122,570306,58.79
,875.2,878.85,873.4,874.75,875.1,877.1,875.14,958584,8388.96,26872,663518,69.22
,876.0,885.95,875.15,883.7,884.2,874.75,881.47,1113115,9811.78,26670,766580,68.87
,882.0,889.0,878.55,882.55,883.0,883.7,883.87,877033,7751.87,32002,465702,53.1
,883.0,888.0,882.1,885.35,886.5,882.55,885.15,664758,5884.13,30924,392200,59.0
,889.05,892.95,886.75,889.4,890.15,885.35,889.53,646298,5749.01,25803,396862,61.41
,890.2,899.85,890.2,893.55,894.3,889.4,894.86,1473366,13184.63,43010,722295,49.02
,893.55,913.8,893.0,904.5,905.45,893.55,908.2,2590163,23523.93,61594,1332877,51.46
,904.45,908.65,896.45,897.65,899.5,904.5,900.11,2448827,22042.02,27425,1802033,73.59
,897.65,902.1,892.35,894.25,895.0,897.65,896.91,553360,4963.16,19674,209994,37.95
,890.5,898.25,884.0,888.2,884.85,894.25,892.31,1069593,9544.11,26557,470375,43.98
,887.6,887.6,870.55,872.45,872.5,888.2,876.9,499920,4383.82,19878,206169,41.24
,872.45,896.5,872.25,895.05,894.7,872.45,889.5,872365,7759.64,31888,377520,43.28
,897.0,907.0,892.65,900.35,901.85,895.05,901.12,1077331,9708.04,24392,453707,42.11
,900.35,910.0,895.6,904.1,909.4,900.35,900.53,1284460,11566.93,24898,852047,66.34
,904.1,912.8,900.7,905.25,905.5,904.1,905.05,891706,8070.36,24913,491578,55.13
,900.0,911.35,898.5,907.15,907.25,905.25,906.74,1402898,12720.59,32649,864321,61.61
,907.15,920.6,907.1,912.35,911.35,907.15,913.96,1186472,10843.89,41574,644355,54.31
,911.0,912.55,890.15,893.8,895.25,912.35,896.08,1271632,11394.81,37750,712012,55.99
,893.8,897.7,889.1,895.2,896.7,893.8,893.85,693273,6196.79,29476,383561,55.33
,895.0,907.4,891.3,897.8,899.0,895.2,900.88,815586,7347.43,32676,382642,46.92
,892.1,902.1,890.1,897.25,898.2,897.8,898.11,538867,4839.62,34983,262666,48.74
,899.0,906.0,895.0,902.0,901.0,897.25,901.12,1576596,14206.98,45157,941294,59.7
,900.9,908.0,897.35,898.95,900.35,902.0,901.66,574962,5184.19,21161,274610,47.76
,899.0,903.5,891.5,894.15,896.05,898.95,896.05,765783,6861.82,21741,342218,44.69
,894.15,897.65,884.1,885.5,884.9,894.15,888.46,561015,4984.37,19751,266269,47.46
,888.0,897.7,886.85,891.85,891.4,885.5,892.02,373495,3331.66,16276,158014,42.31
,893.0,904.9,893.0,899.95,900.7,892.1,900.82,1449541,13057.8,43357,935858,64.56
,902.7,903.0,885.0,889.65,890.0,899.95,892.5,567658,5066.33,18372,247996,43.69
,887.25,900.8,885.55,897.65,898.2,889.65,894.09,871092,7788.35,26870,333398,38.27
,897.65,920.6,895.55,899.9,903.1,897.65,908.68,2518859,22888.29,52384,844101,33.51
,899.0,916.9,899.0,908.75,911.5,899.9,909.17,1649697,14998.55,39998,721278,43.72
,910.85,910.85,897.1,900.75,900.5,908.75,901.31,756385,6817.41,30174,391746,51.79
,897.15,901.0,890.3,894.7,895.95,900.75,896.67,1279740,11475.08,23824,815176,63.7
,894.7,923.0,894.7,919.9,921.4,894.7,912.04,2966669,27057.35,85369,1888013,63.64
,925.0,925.0,902.1,905.7,907.4,919.9,914.21,1969201,18002.68,55779,1029637,52.29
,902.1,906.65,892.25,896.1,894.0,905.7,897.5,1203527,10801.69,42790,584377,48.56
,910.0,936.95,895.1,924.15,926.0,896.1,916.33,7699680,70554.2,121709,2403315,31.21
,926.9,931.9,898.0,899.7,899.9,924.15,907.15,3204796,29072.16,57932,1538303,48.0
,904.0,904.85,895.05,900.6,900.0,899.7,900.14,2032416,18294.5,45818,1018275,50.1
,903.15,909.8,898.15,900.15,898.4,900.6,903.22,2493689,22523.58,38579,1666226,66.82
,900.5,908.45,888.15,902.85,902.35,900.15,900.96,3367249,30337.44,43172,1916426,56.91
,900.0,910.75,897.6,909.45,909.0,902.85,905.79,830405,7521.7,18643,371874,44.78
,909.45,916.65,908.2,915.35,916.0,909.45,914.01,926990,8472.82,24910,552110,59.56
,915.35,920.6,906.6,915.5,915.5,915.35,914.75,1288703,11788.38,35554,865041,67.12
,915.5,921.0,910.5,914.05,915.0,915.5,915.29,923863,8456.02,25260,500564,54.18
,915.0,919.95,906.05,908.3,907.3,914.05,911.15,1301140,11855.34,35369,803379,61.74
,909.0,910.0,899.25,902.4,902.7,908.3,902.56,1653584,14924.62,22030,1154934,69.84
,902.4,904.2,888.2,895.05,895.05,902.4,894.58,1136910,10170.56,27378,599516,52.73
,892.1,900.8,891.5,897.65,897.35,895.05,897.16,1109545,9954.41,25385,715385,64.48
,896.95,901.9,893.6,894.8,895.7,897.65,898.02,847545,7611.1,22128,510435,60.23
,896.0,902.0,891.25,900.25,899.5,894.8,896.03,1688227,15127.09,31154,1049521,62.17
,900.0,902.95,893.25,894.45,893.85,900.25,896.71,1036390,9293.45,23617,655314,63.23
,896.95,899.85,880.15,882.1,883.25,894.45,886.52,1065698,9447.6,26225,650235,61.01
,885.0,891.6,882.0,883.9,883.0,882.1,885.29,1222016,10818.39,22849,843181,69.0
,885.05,888.6,866.3,868.05,872.0,883.9,871.92,1744252,15208.56,42713,961076,55.1
,871.8,877.55,868.5,876.65,877.0,868.05,874.69,611037,5344.67,16753,343431,56.2
,875.0,876.9,866.0,869.9,871.25,876.65,870.41,1082785,9424.66,25817,651509,60.17
,871.0,874.05,853.55,857.55,855.9,869.9,859.99,1309723,11263.47,31093,828188,63.23
,856.0,862.65,843.4,860.95,862.65,857.55,854.77,919406,7858.85,26475,400614,43.57
,858.0,866.85,857.3,858.95,858.5,860.95,859.96,479237,4121.26,15800,240886,50.26
,857.0,864.0,853.5,858.35,858.8,858.95,860.08,990557,8519.62,19458,581299,58.68
,865.0,870.0,861.25,867.6,867.75,858.35,865.23,513683,4444.55,14038,175104,34.09
,864.0,866.15,855.5,856.9,856.55,867.6,858.26,760013,6522.88,15884,442378,58.21
,860.0,860.0,850.3,854.5,854.45,856.9,855.21,1264487,10813.98,26717,776351,61.4
,859.0,859.05,843.1,844.55,843.75,854.5,848.23,705546,5984.68,20342,402707,57.08
,846.0,849.9,835.8,847.4,848.6,844.55,842.02,4204052,35398.97,56153,2960701,70.42
,847.4,853.25,845.9,852.0,853.0,847.4,849.8,743935,6321.94,19071,475294,63.89
,852.0,859.5,848.9,857.35,855.0,852.0,855.6,481055,4115.91,19941,276054,57.39
,857.4,859.4,854.0,855.4,855.2,857.35,855.9,1143547,9787.6,38895,767159,67.09
,855.4,858.0,851.5,853.9,851.7,855.4,854.74,494054,4222.9,14408,315404,63.84
,850.1,851.4,844.8,849.75,850.1,853.9,848.9,703658,5973.39,20520,390866,55.55
,846.1,854.5,840.25,842.25,840.3,849.75,845.67,640405,5415.73,21763,290788,45.41
,841.2,850.35,838.6,849.25,848.65,842.25,846.13,1082307,9157.74,29932,632657,58.45
,846.55,859.45,846.0,854.9,855.1,849.25,855.29,449879,3847.75,14492,253209,56.28
,855.0,859.35,851.55,852.8,852.45,854.9,853.81,240945,2057.21,11010,132959,55.18
,853.2,862.0,851.2,860.85,861.0,852.8,856.58,577777,4949.12,21834,315307,54.57
,858.5,863.6,843.7,846.2,846.2,860.85,849.36,2084331,17703.43,26884,1327644,63.7
,848.0,858.6,848.0,850.05,851.95,846.2,852.48,969130,8261.59,25197,642524,66.3
,850.05,854.45,845.55,851.95,852.0,850.05,849.31,881422,7485.97,23709,542827,61.59
,850.1,851.3,835.1,837.8,837.4,851.95,840.9,860549,7236.34,27046,419737,48.78
,838.0,842.4,826.5,829.0,829.0,837.8,830.88,1117599,9285.95,31954,523719,46.86
,829.0,836.8,823.05,832.1,832.5,829.0,830.49,856966,7117.06,30260,359842,41.99
,833.1,838.9,825.8,831.75,830.8,832.1,831.29,654725,5442.68,28592,266733,40.74
,830.0,832.85,824.5,826.7,825.0,831.75,827.92,564883,4676.75,21969,305569,54.09
,826.7,830.8,818.9,820.4,820.0,826.7,823.9,710189,5851.26,25580,371800,52.35
,818.0,822.2,806.7,809.75,807.35,820.4,812.03,1017361,8261.26,31355,427794,42.05
,809.75,820.9,805.0,809.15,810.0,809.75,813.24,974480,7924.83,29636,305668,31.37
,808.95,813.8,802.55,809.55,809.05,809.15,808.83,1133045,9164.39,30591,528888,46.68
,810.7,824.25,809.2,819.3,818.5,809.55,816.29,2020973,16496.99,32688,301366,14.91
,821.95,827.3,800.1,802.45,803.0,819.3,813.18,777229,6320.29,21897,371078,47.74
,804.9,810.0,797.65,807.8,808.2,802.45,805.18,960994,7737.68,22670,422708,43.99
,808.9,825.0,808.7,822.15,824.75,807.8,817.18,633767,5179.0,17466,262986,41.5
