Symbol,Close,Daily_RSI,Weekly_RSI,Monthly_RSI,Last_Date
POWERGRID,253.05,35.04588245003649,32.12100448067278,43.66918040053283,2026-10-07
PIIND,2210.0,34.86886074982854,30.496982016611085,34.489933033392546,2026-10-07
DABUR,383.55,47.34331617347098,37.12295062991269,33.52383545084065,2026-10-07
ATGL,581.9,38.42367757015545,41.00373649756373,44.27160629950069,2026-10-07
JSWENERGY,485.45,34.58567916337469,36.60493941957771,46.77985078948573,2026-10-07
TECHM,1491.1,36.166126329273126,46.58835288953472,50.27233365655012,2026-10-07
TATASTEEL,175.64,35.54590136559841,38.372020183668575,51.16171698464681,2026-10-07
SBIN,954.0,33.394165702478944,38.87265451774642,52.9101064932511,2026-10-07
NESTLEIND,1324.0,38.92406807509612,41.527259219935644,52.3806694243243,2026-10-07
ADANIPOWER,196.94,43.05849963396598,46.646397921667244,62.32263129257488,2026-10-07
BOSCHLTD,44410.0,37.66873428749831,54.903952918119884,61.486375336682364,2026-10-07
INDUSTOWER,385.05,54.42459790769029,45.37783343601498,52.0186274007913,2026-10-07
ITC,265.7,49.35790605058606,37.61910310140786,31.182100468799206,2026-10-07
ADANIGREEN,1341.4,57.392527120973895,53.85326384175193,53.642679752163346,2026-10-07
ADANIENT,2743.0,37.34995544168299,46.61784467506229,53.858516909376476,2026-10-07
LT,3701.5,35.70452682584228,39.714844921405835,49.85889679460879,2026-10-07
MARICO,787.25,39.053922179394014,43.185994918427255,57.59285361369551,2026-10-07
M&M,2800.0,20.001719534736438,33.24603312102221,46.40893856777687,2026-10-07
DMART,3636.0,39.79867050331548,38.90261885668402,44.23294353963331,2026-10-07
SBILIFE,1726.1,47.692307514250025,42.466168293630126,49.49117924602636,2026-10-07
HAL,4746.3,48.67333318711776,54.60799067368964,57.72917874682542,2026-10-07
BHEL,448.5,62.17764190289783,66.20570590045293,70.66690150393003,2026-10-07
DLF,656.0,47.56459532979055,51.76135695153869,48.768135786926884,2026-10-07
RELIANCE,1207.7,42.30747434477112,38.10663592455252,41.388631540110005,2026-10-07
DRREDDY,1203.8,52.892575053531104,47.0350426300253,48.77098234261456,2026-10-07
IRCTC,453.65,36.58634088184575,32.209706272802705,29.60322250511514,2026-10-07
IOC,130.0,38.45592118470618,37.10567724415339,44.77858151985619,2026-10-07
GRASIM,2921.1,26.617489695394397,40.96218571537365,54.333273138280184,2026-10-07
HINDALCO,910.85,29.368642777319906,39.88804626595334,55.5677619450725,2026-10-07
BERGEPAINT,463.9,46.997011296899096,42.7957020387344,44.49941063363682,2026-10-07
RECLTD,298.9,40.98066939539611,35.283870414265564,40.95251090657092,2026-10-07
BANKBARODA,234.55,48.3160525592489,37.011517388513944,46.17685970833928,2026-10-07
ETERNAL,328.0,52.876279982830305,62.303614210262204,66.9100361683536,2026-10-07
HINDUNILVR,1865.4,38.70029229260782,28.355664447400912,35.46677965344739,2026-10-07
AUBANK,993.4,40.99550450370763,45.92489704801366,58.70996251394231,2026-10-07
BHARTIARTL,1833.9,51.34240040516611,46.5826059994362,54.37357130792522,2026-10-07
VBL,440.75,59.866941576914805,46.130315846405495,47.43458266786882,2026-10-07
ABB,7005.0,44.944568641500865,50.40120923856536,58.03168528928737,2026-10-07
LODHA,1109.4,42.765219075426145,50.86726485506807,51.46079501063682,2026-10-07
SUNPHARMA,1781.0,36.36620971627919,42.474836834746064,53.38945993361429,2026-10-07
AXISBANK,1242.5,51.557253838125675,46.76184132812988,52.672582506998054,2026-10-07
TATAMOTORS,405.85,16.38818814634142,25.63287879971449,33.21733479429206,2025-10-23
MARUTI,11450.0,28.003400167775084,30.524640800343377,42.510637859494416,2026-10-07
HDFCLIFE,546.05,53.48890845775987,41.57767378975011,38.35848740947316,2026-10-07
ONGC,221.88,32.81258017675994,33.87328547614037,43.64986705680837,2026-10-07
TVSMOTOR,3926.0,32.54533479119017,50.895741644624934,63.26779593094688,2026-10-07
PNB,114.59,49.96580484839979,52.29093484847858,54.59354270516667,2026-10-07
PIDILITIND,1488.5,38.91154068954914,43.571070651377454,50.8193901822188,2026-10-07
BEL,378.3,35.05996049873325,37.48933901523865,53.342865264001105,2026-10-07
ICICIGI,1590.0,56.13961146543526,43.88084584812879,42.48195338961269,2026-10-07
GODREJCP,865.55,43.75467840746384,32.50798728092602,38.54438075042483,2026-10-07
BAJAJ-AUTO,9884.0,20.18172727782526,39.569128799408084,53.15263518135081,2026-10-07
LTIM,4504.0,19.839138677423108,30.183376839980752,42.06654052118401,2026-02-26
MRF,123075.0,35.37566948363032,35.67514825026586,45.968047672422045,2026-10-07
SHREECEM,21780.0,37.23326395973462,29.612353542319994,36.46060328024972,2026-10-07
INDHOTEL,731.3,52.46811115260005,56.1398093743259,57.02565171306384,2026-10-07
TATACONSUM,968.5,40.50186054415783,30.140198661241115,43.876564310939784,2026-10-07
ASIANPAINT,2372.1,36.54228486362461,35.828306946993905,44.96379683675517,2026-10-07
IRFC,76.15,31.407126689271536,23.255264898315644,36.79162735491851,2026-10-07
JINDALSTEL,1061.0,34.522401102516426,42.80999767032819,52.28401182127505,2026-10-07
HDFCBANK,702.75,42.52428693763133,33.56578934070322,36.85373089651609,2026-10-07
TATAELXSI,3082.5,24.870051899876273,24.037590688615694,27.909128479714425,2026-10-07
AMBUJACEM,356.9,29.52091657788735,23.713886960271054,32.518125853064745,2026-10-07
HINDCOPPER,479.95,42.232589685018056,45.02359429159426,56.50539383586408,2026-10-07
SBICARD,557.4,27.875002332211537,32.712213512385375,35.402383130399116,2026-10-07
SIEMENS,3793.0,46.56638093892391,52.7339296948512,48.721959467168396,2026-10-07
BPCL,296.35,38.848315408559785,41.57021703438431,47.6746819452406,2026-10-07
BAJFINANCE,963.85,37.754712854774894,45.22452513410124,53.133402534073475,2026-10-07
CIPLA,1327.2,31.97161984916437,40.326195901694334,45.34588544085377,2026-10-07
COLPAL,1757.4,39.03841201350389,36.20430831971687,38.77110472914067,2026-10-07
TORNTPHARM,4716.2,38.26122670042235,51.69700724768149,68.4705318756453,2026-10-07
ICICIPRULI,457.5,40.98468084548363,38.353822415883236,38.04552145614347,2026-10-07
JSWSTEEL,1230.0,40.46541369320667,45.89901632273371,58.547497856038746,2026-10-07
APOLLOHOSP,7917.0,26.284266013735078,39.49937545581056,55.58573801451998,2026-10-07
PGHH,6921.0,30.374074641114547,22.15430767791419,23.33060953693753,2026-10-07
NTPC,316.75,36.19176280004906,32.919400589762205,44.88283814190449,2026-10-07
WIPRO,159.6,35.23330916737537,26.92324987529716,34.41310490529179,2026-10-07
BAJAJFINSV,1743.3,29.46208887634765,39.83104395484836,46.607485674307206,2026-10-07
COALINDIA,414.5,46.16715730710975,45.876755034131335,51.44887051923883,2026-10-07
HCLTECH,1185.0,35.30347245650708,40.61663114398738,41.85730650208338,2026-10-07
ADANITRANS,890.4,59.537861612407546,40.280781125638335,42.43408045754941,2023-08-23
TITAN,4377.0,25.374942097897474,43.54693796615547,56.00923523870984,2026-10-07
CHOLAFIN,1564.7,26.15969690477749,38.94045909127291,51.24411015469676,2026-10-07
SRF,2460.0,40.81175255616719,38.29240686848958,44.72336264750209,2026-10-07
ICICIBANK,1357.5,49.98621866907531,48.885287211031155,54.23548056949507,2026-10-07
INDUSINDBK,874.9,32.24063520826776,39.54631103455479,45.00532127261208,2026-10-07
ADANIENSOL,1318.8,38.275564282553475,44.245624779881965,55.271917475660466,2026-10-07
PFC,325.55,32.6587410517338,30.656552809622653,42.30001678555914,2026-10-07
CANBK,119.15,35.987003913890504,37.481157814023646,50.30226587975071,2026-10-07
HEROMOTOCO,5004.0,34.12133103805226,43.41849418485391,51.33003897700814,2026-10-07
NAUKRI,1225.3,43.289921069273454,54.123298360786144,50.55317063084396,2026-10-07
BRITANNIA,4780.0,33.62373006311442,28.373379750893406,41.76442674710119,2026-10-07
VEDL,261.4,47.277178506968575,35.114454386543215,39.71784311476085,2026-10-07
HINDZINC,551.0,39.1341232292324,46.48072948768761,53.316413766760995,2026-10-07
ZOMATO,215.19,49.73023869090013,44.93032633844491,56.60788368418204,2025-04-08
GAIL,170.71,46.57374632190224,50.486873106810734,49.787503946655974,2026-10-07
INFY,992.0,36.15701676520445,35.98725874013496,33.11588097894962,2026-10-07
TCS,2080.3,38.74952336690212,34.87667767326148,33.78597982481864,2026-10-07
ULTRACEMCO,10658.0,38.01497491141334,36.12654272849765,46.02172431540257,2026-10-07
TRENT,2890.3,59.323661280741376,42.271061442029406,39.87777425765991,2026-10-07
LICI,386.3,36.96573762961083,33.70633134427152,0.0,
3MINDIA,30825.0,35.1717224846615,40.59928652508654,47.658065426636604,2026-10-07
RVNL,195.87,37.00559693716098,29.271269912906945,38.54402726545964,2026-10-07
KOTAKBANK,440.0,70.02097363509004,64.25059001478363,59.41287974944863,2026-10-07
EICHERMOT,6960.0,26.549316053761814,39.873731746679155,56.096791009959645,2026-10-07
HAVELLS,1060.5,36.95796711251798,32.72300366597146,37.185385640052964,2026-10-07
DIVISLAB,9588.0,61.49960833813988,78.13312992737163,75.28718536880552,2026-10-07
UPL,495.0,26.26281746689922,28.05752562989082,39.787086736887034,2026-10-07
MOTHERSON,159.2,46.65724715368776,58.89118620923892,64.62631069743384,2026-10-07
ADANIPORTS,1750.1,49.25489520373688,54.471123172887864,60.538802317849886,2026-10-07
