close,datetime,exchange_code,expiry_date,high,low,open,open_interest,product_type,stock_code,volume
12265.3,2020-01-01 09:15:00,NFO,30-JAN-2020,12266.75,12252.7,12253.95,12263025,Futures,NIFTY,107927
12256.6,2020-01-01 09:16:00,NFO,30-JAN-2020,12265.5,12256.4,12265.3,12263025,Futures,NIFTY,50250
12255.0,2020-01-01 09:17:00,NFO,30-JAN-2020,12257.0,12255.0,12256.95,12250950,Futures,NIFTY,48975
12258.75,2020-01-01 09:18:00,NFO,30-JAN-2020,12258.75,12252.2,12255.0,12250950,Futures,NIFTY,34200
12262.45,2020-01-01 09:19:00,NFO,30-JAN-2020,12264.8,12258.7,12258.8,12250950,Futures,NIFTY,34875
12262.55,2020-01-01 09:20:00,NFO,30-JAN-2020,12263.0,12260.25,12262.05,12264825,Futures,NIFTY,27300
12259.7,2020-01-01 09:21:00,NFO,30-JAN-2020,12262.3,12258.15,12262.3,12264825,Futures,NIFTY,21825
12262.75,2020-01-01 09:22:00,NFO,30-JAN-2020,12262.8,12259.55,12259.55,12264825,Futures,NIFTY,25950
12267.35,2020-01-01 09:23:00,NFO,30-JAN-2020,12267.65,12262.55,12262.8,12280875,Futures,NIFTY,32175
12264.5,2020-01-01 09:24:00,NFO,30-JAN-2020,12269.0,12264.5,12267.7,12280875,Futures,NIFTY,37650
12265.0,2020-01-01 09:25:00,NFO,30-JAN-2020,12266.25,12261.8,12265.95,12280875,Futures,NIFTY,21900
12266.25,2020-01-01 09:26:00,NFO,30-JAN-2020,12267.2,12264.6,12264.6,12297675,Futures,NIFTY,11925
12265.0,2020-01-01 09:27:00,NFO,30-JAN-2020,12267.0,12264.95,12266.55,12297675,Futures,NIFTY,20325
12264.7,2020-01-01 09:28:00,NFO,30-JAN-2020,12265.0,12264.1,12265.0,12297675,Futures,NIFTY,16275
12268.65,2020-01-01 09:29:00,NFO,30-JAN-2020,12269.1,12264.95,12264.95,12296925,Futures,NIFTY,20100
12266.15,2020-01-01 09:30:00,NFO,30-JAN-2020,12269.6,12266.0,12269.35,12296925,Futures,NIFTY,29775
12266.45,2020-01-01 09:31:00,NFO,30-JAN-2020,12267.45,12266.2,12267.0,12296925,Futures,NIFTY,7575
12267.05,2020-01-01 09:32:00,NFO,30-JAN-2020,12267.65,12266.0,12266.4,12292200,Futures,NIFTY,13050
12264.45,2020-01-01 09:33:00,NFO,30-JAN-2020,12267.2,12264.3,12267.0,12292200,Futures,NIFTY,15375
12261.95,2020-01-01 09:34:00,NFO,30-JAN-2020,12264.45,12261.1,12264.45,12292200,Futures,NIFTY,26325
12258.6,2020-01-01 09:35:00,NFO,30-JAN-2020,12262.0,12258.6,12261.1,12291375,Futures,NIFTY,18600
12257.25,2020-01-01 09:36:00,NFO,30-JAN-2020,12258.6,12255.0,12258.4,12291375,Futures,NIFTY,21225
12257.55,2020-01-01 09:37:00,NFO,30-JAN-2020,12257.55,12256.0,12257.25,12291375,Futures,NIFTY,13725
12260.0,2020-01-01 09:38:00,NFO,30-JAN-2020,12260.95,12257.45,12258.05,12302475,Futures,NIFTY,8850
12259.5,2020-01-01 09:39:00,NFO,30-JAN-2020,12260.05,12257.0,12260.0,12302475,Futures,NIFTY,7200
12258.0,2020-01-01 09:40:00,NFO,30-JAN-2020,12259.95,12257.1,12259.1,12302475,Futures,NIFTY,4950
12252.55,2020-01-01 09:41:00,NFO,30-JAN-2020,12258.0,12248.0,12258.0,12310950,Futures,NIFTY,56775
12251.8,2020-01-01 09:42:00,NFO,30-JAN-2020,12254.6,12249.55,12254.4,12310950,Futures,NIFTY,15300
12254.3,2020-01-01 09:43:00,NFO,30-JAN-2020,12255.0,12251.0,12251.35,12310950,Futures,NIFTY,16575
12254.8,2020-01-01 09:44:00,NFO,30-JAN-2020,12255.0,12252.0,12253.1,12323775,Futures,NIFTY,8850
12250.0,2020-01-01 09:45:00,NFO,30-JAN-2020,12255.0,12250.0,12255.0,12323775,Futures,NIFTY,11250
12246.4,2020-01-01 09:46:00,NFO,30-JAN-2020,12250.35,12242.4,12250.35,12323775,Futures,NIFTY,38400
12245.15,2020-01-01 09:47:00,NFO,30-JAN-2020,12247.55,12242.25,12243.4,12333825,Futures,NIFTY,29700
12250.0,2020-01-01 09:48:00,NFO,30-JAN-2020,12250.0,12245.05,12246.0,12333825,Futures,NIFTY,9600
12246.15,2020-01-01 09:49:00,NFO,30-JAN-2020,12250.6,12245.5,12250.0,12333825,Futures,NIFTY,22425
12246.25,2020-01-01 09:50:00,NFO,30-JAN-2020,12247.7,12244.1,12246.0,12353100,Futures,NIFTY,15900
12249.85,2020-01-01 09:51:00,NFO,30-JAN-2020,12250.0,12246.25,12246.25,12353100,Futures,NIFTY,5475
12254.7,2020-01-01 09:52:00,NFO,30-JAN-2020,12255.0,12248.75,12248.8,12353100,Futures,NIFTY,16275
12255.05,2020-01-01 09:53:00,NFO,30-JAN-2020,12255.55,12254.0,12254.7,12360300,Futures,NIFTY,19050
12250.0,2020-01-01 09:54:00,NFO,30-JAN-2020,12255.15,12250.0,12255.0,12360300,Futures,NIFTY,14625
12249.0,2020-01-01 09:55:00,NFO,30-JAN-2020,12249.3,12248.0,12249.15,12360300,Futures,NIFTY,8550
12250.7,2020-01-01 09:56:00,NFO,30-JAN-2020,12252.2,12249.0,12249.0,12366375,Futures,NIFTY,13350
12248.0,2020-01-01 09:57:00,NFO,30-JAN-2020,12250.95,12248.0,12250.0,12366375,Futures,NIFTY,11700
12248.4,2020-01-01 09:58:00,NFO,30-JAN-2020,12249.0,12247.75,12249.0,12366375,Futures,NIFTY,5100
12250.4,2020-01-01 09:59:00,NFO,30-JAN-2020,12250.4,12248.2,12248.35,12365175,Futures,NIFTY,9300
12250.0,2020-01-01 10:00:00,NFO,30-JAN-2020,12250.95,12248.5,12250.2,12365175,Futures,NIFTY,5175
12248.0,2020-01-01 10:01:00,NFO,30-JAN-2020,12250.0,12248.0,12249.35,12365175,Futures,NIFTY,6000
12247.0,2020-01-01 10:02:00,NFO,30-JAN-2020,12248.0,12247.0,12248.0,12363450,Futures,NIFTY,4200
12245.85,2020-01-01 10:03:00,NFO,30-JAN-2020,12247.2,12245.7,12246.55,12363450,Futures,NIFTY,4725
12247.9,2020-01-01 10:04:00,NFO,30-JAN-2020,12250.0,12245.0,12245.25,12363450,Futures,NIFTY,14925
12246.9,2020-01-01 10:05:00,NFO,30-JAN-2020,12249.55,12245.55,12249.55,12367800,Futures,NIFTY,5625
12247.45,2020-01-01 10:06:00,NFO,30-JAN-2020,12247.95,12244.75,12247.85,12367800,Futures,NIFTY,5925
12246.0,2020-01-01 10:07:00,NFO,30-JAN-2020,12247.3,12244.55,12247.25,12367800,Futures,NIFTY,4050
12245.0,2020-01-01 10:08:00,NFO,30-JAN-2020,12246.85,12245.0,12246.0,12370350,Futures,NIFTY,6375
12239.9,2020-01-01 10:09:00,NFO,30-JAN-2020,12246.75,12236.05,12244.5,12370350,Futures,NIFTY,48075
12241.0,2020-01-01 10:10:00,NFO,30-JAN-2020,12242.0,12238.35,12240.15,12370350,Futures,NIFTY,19200
12241.3,2020-01-01 10:11:00,NFO,30-JAN-2020,12243.45,12239.5,12240.2,12377775,Futures,NIFTY,16950
12244.0,2020-01-01 10:12:00,NFO,30-JAN-2020,12244.9,12240.7,12241.3,12377775,Futures,NIFTY,16950
12244.25,2020-01-01 10:13:00,NFO,30-JAN-2020,12245.1,12242.15,12244.75,12377775,Futures,NIFTY,9750
12241.4,2020-01-01 10:14:00,NFO,30-JAN-2020,12243.7,12241.0,12243.0,12393825,Futures,NIFTY,6900
12241.85,2020-01-01 10:15:00,NFO,30-JAN-2020,12243.65,12239.65,12240.4,12393825,Futures,NIFTY,42300
12240.0,2020-01-01 10:16:00,NFO,30-JAN-2020,12242.3,12240.0,12241.45,12393825,Futures,NIFTY,9600
12243.0,2020-01-01 10:17:00,NFO,30-JAN-2020,12244.0,12240.0,12240.0,12419625,Futures,NIFTY,8025
12243.0,2020-01-01 10:18:00,NFO,30-JAN-2020,12243.95,12241.05,12243.95,12419625,Futures,NIFTY,6975
12243.4,2020-01-01 10:19:00,NFO,30-JAN-2020,12244.0,12241.85,12243.0,12419625,Futures,NIFTY,3525
12247.2,2020-01-01 10:20:00,NFO,30-JAN-2020,12247.25,12243.4,12243.4,12423075,Futures,NIFTY,7800
12248.05,2020-01-01 10:21:00,NFO,30-JAN-2020,12250.0,12247.05,12247.2,12423075,Futures,NIFTY,15375
12245.55,2020-01-01 10:22:00,NFO,30-JAN-2020,12249.0,12245.55,12248.05,12423075,Futures,NIFTY,10725
12246.85,2020-01-01 10:23:00,NFO,30-JAN-2020,12247.9,12245.0,12245.1,12417300,Futures,NIFTY,12300
12246.5,2020-01-01 10:24:00,NFO,30-JAN-2020,12247.8,12246.5,12246.85,12417300,Futures,NIFTY,9225
12244.2,2020-01-01 10:25:00,NFO,30-JAN-2020,12247.0,12244.0,12247.0,12417300,Futures,NIFTY,14475
12245.2,2020-01-01 10:26:00,NFO,30-JAN-2020,12247.0,12244.15,12244.55,12421200,Futures,NIFTY,6525
12247.65,2020-01-01 10:27:00,NFO,30-JAN-2020,12248.05,12245.6,12245.6,12421200,Futures,NIFTY,5175
12248.15,2020-01-01 10:28:00,NFO,30-JAN-2020,12249.0,12245.85,12246.05,12421200,Futures,NIFTY,4050
12248.45,2020-01-01 10:29:00,NFO,30-JAN-2020,12249.25,12248.15,12249.25,12424350,Futures,NIFTY,2100
12243.9,2020-01-01 10:30:00,NFO,30-JAN-2020,12248.5,12243.9,12248.5,12424350,Futures,NIFTY,10500
12243.75,2020-01-01 10:31:00,NFO,30-JAN-2020,12244.2,12242.2,12243.85,12424350,Futures,NIFTY,5100
12245.95,2020-01-01 10:32:00,NFO,30-JAN-2020,12245.95,12243.5,12243.5,12426450,Futures,NIFTY,2700
12245.25,2020-01-01 10:33:00,NFO,30-JAN-2020,12246.95,12245.1,12246.1,12426450,Futures,NIFTY,1800
12246.5,2020-01-01 10:34:00,NFO,30-JAN-2020,12247.0,12245.0,12246.5,12426450,Futures,NIFTY,4125
12244.6,2020-01-01 10:35:00,NFO,30-JAN-2020,12246.3,12244.2,12246.3,12427050,Futures,NIFTY,3225
12246.0,2020-01-01 10:36:00,NFO,30-JAN-2020,12246.1,12244.15,12244.45,12427050,Futures,NIFTY,3750
12246.0,2020-01-01 10:37:00,NFO,30-JAN-2020,12246.0,12244.1,12245.15,12427050,Futures,NIFTY,1800
12244.0,2020-01-01 10:38:00,NFO,30-JAN-2020,12245.65,12244.0,12245.05,12425925,Futures,NIFTY,1500
12245.6,2020-01-01 10:39:00,NFO,30-JAN-2020,12247.7,12241.5,12244.0,12425925,Futures,NIFTY,8400
12245.0,2020-01-01 10:40:00,NFO,30-JAN-2020,12245.55,12244.15,12245.55,12425925,Futures,NIFTY,2100
12246.35,2020-01-01 10:41:00,NFO,30-JAN-2020,12246.4,12244.1,12244.8,12427500,Futures,NIFTY,5025
12247.95,2020-01-01 10:42:00,NFO,30-JAN-2020,12247.95,12245.25,12246.3,12427500,Futures,NIFTY,1650
12244.35,2020-01-01 10:43:00,NFO,30-JAN-2020,12247.05,12244.35,12247.05,12427500,Futures,NIFTY,2550
12243.1,2020-01-01 10:44:00,NFO,30-JAN-2020,12245.3,12243.05,12244.3,12427950,Futures,NIFTY,1575
12243.15,2020-01-01 10:45:00,NFO,30-JAN-2020,12244.0,12243.05,12243.05,12427950,Futures,NIFTY,2175
12242.05,2020-01-01 10:46:00,NFO,30-JAN-2020,12243.5,12241.65,12243.0,12427950,Futures,NIFTY,4725
12241.0,2020-01-01 10:47:00,NFO,30-JAN-2020,12243.5,12239.2,12242.55,12424950,Futures,NIFTY,19725
12237.95,2020-01-01 10:48:00,NFO,30-JAN-2020,12240.0,12237.2,12240.0,12424950,Futures,NIFTY,11025
12236.25,2020-01-01 10:49:00,NFO,30-JAN-2020,12238.3,12235.05,12238.0,12424950,Futures,NIFTY,23025
12235.0,2020-01-01 10:50:00,NFO,30-JAN-2020,12237.45,12232.5,12237.4,12435375,Futures,NIFTY,25425
12233.2,2020-01-01 10:51:00,NFO,30-JAN-2020,12235.0,12232.5,12235.0,12435375,Futures,NIFTY,12450
12229.35,2020-01-01 10:52:00,NFO,30-JAN-2020,12233.0,12226.05,12233.0,12435375,Futures,NIFTY,69975
12231.95,2020-01-01 10:53:00,NFO,30-JAN-2020,12232.0,12228.55,12228.85,12428475,Futures,NIFTY,23475
12233.0,2020-01-01 10:54:00,NFO,30-JAN-2020,12233.95,12229.55,12229.85,12428475,Futures,NIFTY,24600
12232.0,2020-01-01 10:55:00,NFO,30-JAN-2020,12234.25,12232.0,12233.0,12428475,Futures,NIFTY,14625
12234.0,2020-01-01 10:56:00,NFO,30-JAN-2020,12234.1,12231.9,12233.8,12440850,Futures,NIFTY,6150
12234.7,2020-01-01 10:57:00,NFO,30-JAN-2020,12234.9,12232.1,12234.0,12440850,Futures,NIFTY,7575
12233.45,2020-01-01 10:58:00,NFO,30-JAN-2020,12234.7,12233.0,12234.05,12440850,Futures,NIFTY,4650
12234.95,2020-01-01 10:59:00,NFO,30-JAN-2020,12234.95,12232.75,12234.0,12445725,Futures,NIFTY,4575
12233.5,2020-01-01 11:00:00,NFO,30-JAN-2020,12235.3,12232.15,12235.05,12445725,Futures,NIFTY,8625
12238.6,2020-01-01 11:01:00,NFO,30-JAN-2020,12238.8,12233.15,12233.85,12445725,Futures,NIFTY,13650
12238.75,2020-01-01 11:02:00,NFO,30-JAN-2020,12239.6,12237.1,12238.5,12439800,Futures,NIFTY,11850
12238.6,2020-01-01 11:03:00,NFO,30-JAN-2020,12239.3,12238.0,12238.8,12439800,Futures,NIFTY,12900
12236.45,2020-01-01 11:04:00,NFO,30-JAN-2020,12238.65,12235.1,12238.65,12439800,Futures,NIFTY,11700
12235.95,2020-01-01 11:05:00,NFO,30-JAN-2020,12236.8,12235.45,12236.65,12446325,Futures,NIFTY,4875
12238.4,2020-01-01 11:06:00,NFO,30-JAN-2020,12238.95,12235.95,12235.95,12446325,Futures,NIFTY,9525
12237.85,2020-01-01 11:07:00,NFO,30-JAN-2020,12238.4,12237.6,12238.4,12446325,Futures,NIFTY,5850
12239.5,2020-01-01 11:08:00,NFO,30-JAN-2020,12239.5,12238.0,12238.0,12454950,Futures,NIFTY,11400
12239.05,2020-01-01 11:09:00,NFO,30-JAN-2020,12240.65,12237.85,12240.65,12454950,Futures,NIFTY,8850
12236.1,2020-01-01 11:10:00,NFO,30-JAN-2020,12239.1,12236.0,12239.0,12454950,Futures,NIFTY,7200
12236.85,2020-01-01 11:11:00,NFO,30-JAN-2020,12237.0,12235.55,12237.0,12456900,Futures,NIFTY,4350
12236.5,2020-01-01 11:12:00,NFO,30-JAN-2020,12236.9,12235.6,12236.75,12456900,Futures,NIFTY,2025
12238.45,2020-01-01 11:13:00,NFO,30-JAN-2020,12239.0,12235.0,12236.0,12456900,Futures,NIFTY,8400
12237.5,2020-01-01 11:14:00,NFO,30-JAN-2020,12238.5,12237.0,12237.05,12459150,Futures,NIFTY,3000
12239.9,2020-01-01 11:15:00,NFO,30-JAN-2020,12239.9,12235.5,12235.55,12459150,Futures,NIFTY,3450
12240.0,2020-01-01 11:16:00,NFO,30-JAN-2020,12240.45,12238.95,12239.9,12459150,Futures,NIFTY,3450
12239.95,2020-01-01 11:17:00,NFO,30-JAN-2020,12240.0,12239.0,12240.0,12459675,Futures,NIFTY,1650
12237.95,2020-01-01 11:18:00,NFO,30-JAN-2020,12239.8,12237.95,12239.6,12459675,Futures,NIFTY,2700
12237.75,2020-01-01 11:19:00,NFO,30-JAN-2020,12238.35,12236.5,12237.75,12459675,Futures,NIFTY,3000
12236.9,2020-01-01 11:20:00,NFO,30-JAN-2020,12238.05,12236.1,12237.75,12462000,Futures,NIFTY,2925
12234.05,2020-01-01 11:21:00,NFO,30-JAN-2020,12237.0,12234.05,12235.35,12462000,Futures,NIFTY,5475
12234.25,2020-01-01 11:22:00,NFO,30-JAN-2020,12236.5,12234.0,12235.9,12462000,Futures,NIFTY,4425
12233.1,2020-01-01 11:23:00,NFO,30-JAN-2020,12236.2,12233.0,12234.0,12464325,Futures,NIFTY,6300
12234.0,2020-01-01 11:24:00,NFO,30-JAN-2020,12234.65,12232.3,12234.65,12464325,Futures,NIFTY,5400
12234.0,2020-01-01 11:25:00,NFO,30-JAN-2020,12234.65,12233.0,12234.0,12464325,Futures,NIFTY,5025
12233.95,2020-01-01 11:26:00,NFO,30-JAN-2020,12234.0,12232.0,12233.0,12466875,Futures,NIFTY,2475
12234.55,2020-01-01 11:27:00,NFO,30-JAN-2020,12235.25,12231.1,12232.2,12466875,Futures,NIFTY,22575
12233.1,2020-01-01 11:28:00,NFO,30-JAN-2020,12238.0,12233.1,12234.5,12466875,Futures,NIFTY,9300
12235.0,2020-01-01 11:29:00,NFO,30-JAN-2020,12235.7,12233.0,12235.4,12482475,Futures,NIFTY,3675
12234.95,2020-01-01 11:30:00,NFO,30-JAN-2020,12235.7,12233.65,12233.65,12482475,Futures,NIFTY,1350
12236.9,2020-01-01 11:31:00,NFO,30-JAN-2020,12237.5,12235.0,12235.0,12482475,Futures,NIFTY,1950
12238.35,2020-01-01 11:32:00,NFO,30-JAN-2020,12238.8,12237.0,12237.0,12483975,Futures,NIFTY,3900
12239.2,2020-01-01 11:33:00,NFO,30-JAN-2020,12239.2,12237.05,12238.5,12483975,Futures,NIFTY,3375
12237.0,2020-01-01 11:34:00,NFO,30-JAN-2020,12239.9,12237.0,12238.7,12483975,Futures,NIFTY,8400
12238.55,2020-01-01 11:35:00,NFO,30-JAN-2020,12238.55,12236.0,12237.85,12485250,Futures,NIFTY,1500
12237.75,2020-01-01 11:36:00,NFO,30-JAN-2020,12238.75,12237.75,12238.6,12485250,Futures,NIFTY,3825
12238.65,2020-01-01 11:37:00,NFO,30-JAN-2020,12239.95,12238.5,12238.9,12485250,Futures,NIFTY,8100
12238.0,2020-01-01 11:38:00,NFO,30-JAN-2020,12238.75,12237.7,12238.6,12489750,Futures,NIFTY,2475
12236.0,2020-01-01 11:39:00,NFO,30-JAN-2020,12237.7,12235.0,12237.7,12489750,Futures,NIFTY,8775
12235.0,2020-01-01 11:40:00,NFO,30-JAN-2020,12236.0,12234.95,12236.0,12489750,Futures,NIFTY,2400
12234.9,2020-01-01 11:41:00,NFO,30-JAN-2020,12236.45,12234.5,12235.95,12496875,Futures,NIFTY,2700
12233.65,2020-01-01 11:42:00,NFO,30-JAN-2020,12235.05,12233.1,12235.0,12496875,Futures,NIFTY,3450
12235.85,2020-01-01 11:43:00,NFO,30-JAN-2020,12235.9,12233.1,12233.45,12496875,Futures,NIFTY,1725
12235.9,2020-01-01 11:44:00,NFO,30-JAN-2020,12235.9,12233.9,12235.9,12498000,Futures,NIFTY,2175
12235.2,2020-01-01 11:45:00,NFO,30-JAN-2020,12235.4,12233.9,12233.9,12498000,Futures,NIFTY,1425
12235.3,2020-01-01 11:46:00,NFO,30-JAN-2020,12235.4,12234.5,12235.3,12498000,Futures,NIFTY,2700
12234.0,2020-01-01 11:47:00,NFO,30-JAN-2020,12235.3,12234.0,12235.3,12500250,Futures,NIFTY,1650
12235.0,2020-01-01 11:48:00,NFO,30-JAN-2020,12235.15,12234.5,12234.55,12500250,Futures,NIFTY,2100
12236.0,2020-01-01 11:49:00,NFO,30-JAN-2020,12236.0,12235.35,12235.6,12500250,Futures,NIFTY,2325
12236.0,2020-01-01 11:50:00,NFO,30-JAN-2020,12237.15,12236.0,12236.0,12502650,Futures,NIFTY,2925
12236.5,2020-01-01 11:51:00,NFO,30-JAN-2020,12237.0,12236.0,12236.7,12502650,Futures,NIFTY,3525
12236.5,2020-01-01 11:52:00,NFO,30-JAN-2020,12236.7,12236.25,12236.5,12502650,Futures,NIFTY,2550
12235.75,2020-01-01 11:53:00,NFO,30-JAN-2020,12236.5,12235.1,12236.5,12507075,Futures,NIFTY,10050
12235.0,2020-01-01 11:54:00,NFO,30-JAN-2020,12235.75,12234.0,12234.2,12507075,Futures,NIFTY,2475
12235.3,2020-01-01 11:55:00,NFO,30-JAN-2020,12235.65,12234.0,12235.15,12507075,Futures,NIFTY,9675
12233.05,2020-01-01 11:56:00,NFO,30-JAN-2020,12235.1,12233.05,12235.0,12511200,Futures,NIFTY,7875
12233.0,2020-01-01 11:57:00,NFO,30-JAN-2020,12234.3,12233.0,12233.0,12511200,Futures,NIFTY,1425
12232.6,2020-01-01 11:58:00,NFO,30-JAN-2020,12233.7,12232.6,12233.45,12511200,Futures,NIFTY,5250
12235.5,2020-01-01 11:59:00,NFO,30-JAN-2020,12235.5,12233.0,12233.15,12515925,Futures,NIFTY,4125
12236.0,2020-01-01 12:00:00,NFO,30-JAN-2020,12236.0,12233.8,12235.3,12515925,Futures,NIFTY,2400
12237.2,2020-01-01 12:01:00,NFO,30-JAN-2020,12237.75,12235.3,12236.0,12515925,Futures,NIFTY,6600
12236.0,2020-01-01 12:02:00,NFO,30-JAN-2020,12237.75,12236.0,12237.75,12517575,Futures,NIFTY,3750
12237.0,2020-01-01 12:03:00,NFO,30-JAN-2020,12237.45,12236.0,12236.0,12517575,Futures,NIFTY,3600
12244.2,2020-01-01 12:04:00,NFO,30-JAN-2020,12248.65,12237.0,12237.0,12517575,Futures,NIFTY,62025
12248.0,2020-01-01 12:05:00,NFO,30-JAN-2020,12248.0,12245.0,12245.0,12508050,Futures,NIFTY,21300
12246.0,2020-01-01 12:06:00,NFO,30-JAN-2020,12249.35,12246.0,12247.15,12508050,Futures,NIFTY,26925
12244.2,2020-01-01 12:07:00,NFO,30-JAN-2020,12247.85,12244.05,12247.75,12508050,Futures,NIFTY,15375
12244.9,2020-01-01 12:08:00,NFO,30-JAN-2020,12246.5,12244.6,12245.0,12518400,Futures,NIFTY,9900
12244.8,2020-01-01 12:09:00,NFO,30-JAN-2020,12245.55,12244.1,12245.0,12518400,Futures,NIFTY,3000
12244.35,2020-01-01 12:10:00,NFO,30-JAN-2020,12244.8,12242.0,12244.8,12518400,Futures,NIFTY,6525
12245.4,2020-01-01 12:11:00,NFO,30-JAN-2020,12246.0,12244.35,12244.75,12524250,Futures,NIFTY,3900
12245.5,2020-01-01 12:12:00,NFO,30-JAN-2020,12245.9,12245.1,12245.9,12524250,Futures,NIFTY,2775
12245.65,2020-01-01 12:13:00,NFO,30-JAN-2020,12246.0,12245.1,12245.7,12524250,Futures,NIFTY,2400
12247.0,2020-01-01 12:14:00,NFO,30-JAN-2020,12247.0,12245.15,12245.15,12526875,Futures,NIFTY,3600
12247.9,2020-01-01 12:15:00,NFO,30-JAN-2020,12248.0,12246.1,12246.85,12526875,Futures,NIFTY,4275
12251.0,2020-01-01 12:16:00,NFO,30-JAN-2020,12255.8,12247.0,12248.0,12526875,Futures,NIFTY,53925
12251.05,2020-01-01 12:17:00,NFO,30-JAN-2020,12253.0,12250.0,12251.0,12518100,Futures,NIFTY,14475
12250.0,2020-01-01 12:18:00,NFO,30-JAN-2020,12251.45,12249.5,12251.0,12518100,Futures,NIFTY,14025
12248.65,2020-01-01 12:19:00,NFO,30-JAN-2020,12250.95,12248.65,12249.95,12518100,Futures,NIFTY,18525
12246.0,2020-01-01 12:20:00,NFO,30-JAN-2020,12250.35,12245.55,12248.2,12529950,Futures,NIFTY,10650
12245.0,2020-01-01 12:21:00,NFO,30-JAN-2020,12247.55,12245.0,12247.55,12529950,Futures,NIFTY,3825
12243.7,2020-01-01 12:22:00,NFO,30-JAN-2020,12244.95,12241.4,12244.0,12529950,Futures,NIFTY,12600
12242.0,2020-01-01 12:23:00,NFO,30-JAN-2020,12243.7,12241.2,12243.7,12526875,Futures,NIFTY,3375
12241.6,2020-01-01 12:24:00,NFO,30-JAN-2020,12242.0,12241.25,12242.0,12526875,Futures,NIFTY,4425
12241.0,2020-01-01 12:25:00,NFO,30-JAN-2020,12242.9,12241.0,12242.0,12526875,Futures,NIFTY,9375
12238.15,2020-01-01 12:26:00,NFO,30-JAN-2020,12241.0,12237.65,12241.0,12530175,Futures,NIFTY,14625
12239.4,2020-01-01 12:27:00,NFO,30-JAN-2020,12239.9,12238.0,12239.45,12530175,Futures,NIFTY,7575
12236.8,2020-01-01 12:28:00,NFO,30-JAN-2020,12239.95,12236.25,12239.0,12530175,Futures,NIFTY,12600
12235.3,2020-01-01 12:29:00,NFO,30-JAN-2020,12238.2,12234.9,12237.25,12534000,Futures,NIFTY,10275
12227.75,2020-01-01 12:30:00,NFO,30-JAN-2020,12234.0,12226.65,12233.2,12534000,Futures,NIFTY,42225
12230.95,2020-01-01 12:31:00,NFO,30-JAN-2020,12230.95,12227.1,12227.3,12534000,Futures,NIFTY,14250
12231.7,2020-01-01 12:32:00,NFO,30-JAN-2020,12233.7,12229.85,12230.95,12541725,Futures,NIFTY,12150
12234.0,2020-01-01 12:33:00,NFO,30-JAN-2020,12234.25,12230.6,12233.75,12541725,Futures,NIFTY,7200
12233.7,2020-01-01 12:34:00,NFO,30-JAN-2020,12234.0,12232.7,12234.0,12541725,Futures,NIFTY,4650
12237.0,2020-01-01 12:35:00,NFO,30-JAN-2020,12237.0,12233.7,12234.0,12548325,Futures,NIFTY,10725
12235.0,2020-01-01 12:36:00,NFO,30-JAN-2020,12237.0,12235.0,12236.9,12548325,Futures,NIFTY,3150
12237.0,2020-01-01 12:37:00,NFO,30-JAN-2020,12237.0,12235.0,12236.25,12548325,Futures,NIFTY,3975
12237.0,2020-01-01 12:38:00,NFO,30-JAN-2020,12237.0,12236.35,12236.6,12551775,Futures,NIFTY,1650
12236.15,2020-01-01 12:39:00,NFO,30-JAN-2020,12238.0,12236.15,12237.0,12551775,Futures,NIFTY,6000
12235.0,2020-01-01 12:40:00,NFO,30-JAN-2020,12236.5,12235.0,12236.0,12551775,Futures,NIFTY,3675
12233.35,2020-01-01 12:41:00,NFO,30-JAN-2020,12234.95,12233.35,12234.95,12554700,Futures,NIFTY,2250
12234.4,2020-01-01 12:42:00,NFO,30-JAN-2020,12234.8,12234.0,12234.5,12554700,Futures,NIFTY,1725
12235.3,2020-01-01 12:43:00,NFO,30-JAN-2020,12236.3,12233.0,12234.95,12554700,Futures,NIFTY,4725
12235.0,2020-01-01 12:44:00,NFO,30-JAN-2020,12236.2,12235.0,12235.75,12558600,Futures,NIFTY,1800
12236.0,2020-01-01 12:45:00,NFO,30-JAN-2020,12237.75,12235.1,12236.25,12558600,Futures,NIFTY,9825
12238.35,2020-01-01 12:46:00,NFO,30-JAN-2020,12238.5,12237.0,12237.45,12558600,Futures,NIFTY,5700
12240.0,2020-01-01 12:47:00,NFO,30-JAN-2020,12240.15,12238.2,12238.35,12554550,Futures,NIFTY,12525
12237.55,2020-01-01 12:48:00,NFO,30-JAN-2020,12240.35,12235.1,12240.0,12554550,Futures,NIFTY,7200
12239.8,2020-01-01 12:49:00,NFO,30-JAN-2020,12241.85,12237.9,12239.25,12554550,Futures,NIFTY,6375
12240.8,2020-01-01 12:50:00,NFO,30-JAN-2020,12241.95,12239.95,12239.95,12554925,Futures,NIFTY,5625
12240.2,2020-01-01 12:51:00,NFO,30-JAN-2020,12240.95,12240.0,12240.3,12554925,Futures,NIFTY,4275
12240.45,2020-01-01 12:52:00,NFO,30-JAN-2020,12240.75,12238.85,12239.5,12554925,Futures,NIFTY,2625
12240.5,2020-01-01 12:53:00,NFO,30-JAN-2020,12240.95,12240.0,12240.45,12553275,Futures,NIFTY,2850
12240.4,2020-01-01 12:54:00,NFO,30-JAN-2020,12240.8,12240.0,12240.55,12553275,Futures,NIFTY,4500
12238.85,2020-01-01 12:55:00,NFO,30-JAN-2020,12240.7,12235.65,12240.65,12553275,Futures,NIFTY,7425
12237.3,2020-01-01 12:56:00,NFO,30-JAN-2020,12239.15,12237.0,12238.8,12554550,Futures,NIFTY,2550
12240.2,2020-01-01 12:57:00,NFO,30-JAN-2020,12240.2,12238.0,12238.0,12554550,Futures,NIFTY,1950
12241.05,2020-01-01 12:58:00,NFO,30-JAN-2020,12241.1,12239.2,12240.45,12554550,Futures,NIFTY,2625
12240.0,2020-01-01 12:59:00,NFO,30-JAN-2020,12241.15,12240.0,12241.1,12555525,Futures,NIFTY,3600
12238.4,2020-01-01 13:00:00,NFO,30-JAN-2020,12240.4,12238.4,12240.0,12555525,Futures,NIFTY,1800
12239.0,2020-01-01 13:01:00,NFO,30-JAN-2020,12239.0,12237.45,12238.1,12555525,Futures,NIFTY,1425
12239.45,2020-01-01 13:02:00,NFO,30-JAN-2020,12240.45,12238.8,12238.8,12558675,Futures,NIFTY,6600
12239.55,2020-01-01 13:03:00,NFO,30-JAN-2020,12239.95,12238.55,12239.75,12558675,Futures,NIFTY,1800
12239.0,2020-01-01 13:04:00,NFO,30-JAN-2020,12240.05,12239.0,12239.4,12558675,Futures,NIFTY,8025
12238.0,2020-01-01 13:05:00,NFO,30-JAN-2020,12239.2,12237.0,12239.2,12558675,Futures,NIFTY,4200
12238.0,2020-01-01 13:06:00,NFO,30-JAN-2020,12238.5,12237.5,12237.5,12561825,Futures,NIFTY,4650
12238.35,2020-01-01 13:07:00,NFO,30-JAN-2020,12238.5,12237.5,12238.25,12561825,Futures,NIFTY,1875
12237.95,2020-01-01 13:08:00,NFO,30-JAN-2020,12237.95,12236.5,12237.55,12565200,Futures,NIFTY,2625
12237.15,2020-01-01 13:09:00,NFO,30-JAN-2020,12238.4,12237.0,12238.0,12565200,Futures,NIFTY,1725
12237.4,2020-01-01 13:10:00,NFO,30-JAN-2020,12237.4,12237.0,12237.4,12565200,Futures,NIFTY,1350
12235.9,2020-01-01 13:11:00,NFO,30-JAN-2020,12237.4,12235.9,12236.75,12565200,Futures,NIFTY,2925
12235.1,2020-01-01 13:12:00,NFO,30-JAN-2020,12236.2,12235.0,12235.05,12567375,Futures,NIFTY,6150
12234.95,2020-01-01 13:13:00,NFO,30-JAN-2020,12236.0,12234.75,12235.05,12567375,Futures,NIFTY,1950
12232.75,2020-01-01 13:14:00,NFO,30-JAN-2020,12235.0,12230.3,12234.95,12573150,Futures,NIFTY,9075
12232.45,2020-01-01 13:15:00,NFO,30-JAN-2020,12234.0,12231.4,12233.0,12573150,Futures,NIFTY,4350
12233.0,2020-01-01 13:16:00,NFO,30-JAN-2020,12233.0,12231.2,12233.0,12573150,Futures,NIFTY,6450
12235.55,2020-01-01 13:17:00,NFO,30-JAN-2020,12235.55,12232.1,12232.65,12573150,Futures,NIFTY,3300
12237.6,2020-01-01 13:18:00,NFO,30-JAN-2020,12237.6,12234.9,12235.55,12578850,Futures,NIFTY,4950
12237.6,2020-01-01 13:19:00,NFO,30-JAN-2020,12238.55,12237.35,12237.35,12578850,Futures,NIFTY,2625
12242.05,2020-01-01 13:20:00,NFO,30-JAN-2020,12243.7,12236.5,12236.9,12576075,Futures,NIFTY,20325
12242.0,2020-01-01 13:21:00,NFO,30-JAN-2020,12245.1,12240.4,12241.65,12576075,Futures,NIFTY,18225
12241.75,2020-01-01 13:22:00,NFO,30-JAN-2020,12243.05,12241.0,12242.0,12576075,Futures,NIFTY,7050
12240.1,2020-01-01 13:23:00,NFO,30-JAN-2020,12242.1,12240.1,12242.0,12583575,Futures,NIFTY,9750
12240.9,2020-01-01 13:24:00,NFO,30-JAN-2020,12240.9,12238.0,12240.25,12583575,Futures,NIFTY,3825
12239.95,2020-01-01 13:25:00,NFO,30-JAN-2020,12241.4,12238.2,12240.0,12583575,Futures,NIFTY,4425
12241.45,2020-01-01 13:26:00,NFO,30-JAN-2020,12241.85,12239.0,12239.95,12586425,Futures,NIFTY,6375
12240.55,2020-01-01 13:27:00,NFO,30-JAN-2020,12243.0,12240.55,12241.25,12586425,Futures,NIFTY,4350
12242.0,2020-01-01 13:28:00,NFO,30-JAN-2020,12242.2,12241.05,12241.8,12586425,Futures,NIFTY,2475
12243.05,2020-01-01 13:29:00,NFO,30-JAN-2020,12245.4,12242.9,12242.9,12586425,Futures,NIFTY,9150
12244.65,2020-01-01 13:30:00,NFO,30-JAN-2020,12244.9,12242.75,12242.75,12585150,Futures,NIFTY,4200
12247.95,2020-01-01 13:31:00,NFO,30-JAN-2020,12247.95,12243.3,12243.3,12585150,Futures,NIFTY,10650
12246.4,2020-01-01 13:32:00,NFO,30-JAN-2020,12248.5,12245.3,12247.95,12585150,Futures,NIFTY,13800
12241.05,2020-01-01 13:33:00,NFO,30-JAN-2020,12245.1,12241.0,12245.1,12591000,Futures,NIFTY,4125
12242.3,2020-01-01 13:34:00,NFO,30-JAN-2020,12243.45,12241.1,12241.1,12591000,Futures,NIFTY,3225
12242.1,2020-01-01 13:35:00,NFO,30-JAN-2020,12243.1,12241.7,12243.1,12591000,Futures,NIFTY,2175
12241.95,2020-01-01 13:36:00,NFO,30-JAN-2020,12243.0,12241.0,12242.15,12594975,Futures,NIFTY,3150
12239.8,2020-01-01 13:37:00,NFO,30-JAN-2020,12242.0,12238.0,12241.0,12594975,Futures,NIFTY,6600
12238.5,2020-01-01 13:38:00,NFO,30-JAN-2020,12239.75,12238.1,12239.35,12594975,Futures,NIFTY,3225
12240.1,2020-01-01 13:39:00,NFO,30-JAN-2020,12240.1,12238.1,12238.7,12594525,Futures,NIFTY,4725
12240.15,2020-01-01 13:40:00,NFO,30-JAN-2020,12241.65,12240.05,12240.05,12594525,Futures,NIFTY,3525
12241.0,2020-01-01 13:41:00,NFO,30-JAN-2020,12241.0,12240.05,12240.85,12594525,Futures,NIFTY,2325
12243.35,2020-01-01 13:42:00,NFO,30-JAN-2020,12243.7,12240.0,12240.0,12591450,Futures,NIFTY,3150
12243.0,2020-01-01 13:43:00,NFO,30-JAN-2020,12244.55,12243.0,12244.55,12591450,Futures,NIFTY,2475
12243.0,2020-01-01 13:44:00,NFO,30-JAN-2020,12244.0,12242.0,12244.0,12591450,Futures,NIFTY,825
12244.6,2020-01-01 13:45:00,NFO,30-JAN-2020,12244.75,12243.1,12244.4,12592950,Futures,NIFTY,2175
12242.05,2020-01-01 13:46:00,NFO,30-JAN-2020,12244.6,12242.05,12244.6,12592950,Futures,NIFTY,975
12244.55,2020-01-01 13:47:00,NFO,30-JAN-2020,12244.55,12242.1,12242.1,12592950,Futures,NIFTY,1425
12243.7,2020-01-01 13:48:00,NFO,30-JAN-2020,12244.65,12243.0,12244.15,12593700,Futures,NIFTY,2925
12242.05,2020-01-01 13:49:00,NFO,30-JAN-2020,12243.05,12242.05,12243.0,12593700,Futures,NIFTY,5250
12242.55,2020-01-01 13:50:00,NFO,30-JAN-2020,12244.0,12242.0,12242.15,12593700,Futures,NIFTY,2175
12242.85,2020-01-01 13:51:00,NFO,30-JAN-2020,12244.0,12242.85,12244.0,12592050,Futures,NIFTY,1725
12248.0,2020-01-01 13:52:00,NFO,30-JAN-2020,12252.65,12244.55,12244.55,12592050,Futures,NIFTY,28725
12249.8,2020-01-01 13:53:00,NFO,30-JAN-2020,12250.05,12247.55,12249.5,12592050,Futures,NIFTY,9150
12248.6,2020-01-01 13:54:00,NFO,30-JAN-2020,12251.5,12248.0,12249.0,12588600,Futures,NIFTY,15000
12254.75,2020-01-01 13:55:00,NFO,30-JAN-2020,12258.0,12248.65,12249.0,12588600,Futures,NIFTY,36225
12252.0,2020-01-01 13:56:00,NFO,30-JAN-2020,12255.4,12251.45,12254.5,12588600,Futures,NIFTY,19575
12250.15,2020-01-01 13:57:00,NFO,30-JAN-2020,12253.45,12250.15,12252.0,12582825,Futures,NIFTY,13350
12248.3,2020-01-01 13:58:00,NFO,30-JAN-2020,12250.65,12247.1,12250.1,12582825,Futures,NIFTY,13950
12248.0,2020-01-01 13:59:00,NFO,30-JAN-2020,12250.0,12247.5,12248.2,12582825,Futures,NIFTY,7800
12248.9,2020-01-01 14:00:00,NFO,30-JAN-2020,12249.0,12247.6,12249.0,12583050,Futures,NIFTY,5250
12248.25,2020-01-01 14:01:00,NFO,30-JAN-2020,12249.05,12247.5,12248.85,12583050,Futures,NIFTY,6300
12247.05,2020-01-01 14:02:00,NFO,30-JAN-2020,12248.3,12245.95,12248.0,12583050,Futures,NIFTY,5175
12245.0,2020-01-01 14:03:00,NFO,30-JAN-2020,12247.5,12243.5,12245.6,12586350,Futures,NIFTY,6600
12247.0,2020-01-01 14:04:00,NFO,30-JAN-2020,12247.9,12244.6,12246.0,12586350,Futures,NIFTY,3225
12247.25,2020-01-01 14:05:00,NFO,30-JAN-2020,12247.3,12245.2,12246.3,12586350,Futures,NIFTY,2925
12246.7,2020-01-01 14:06:00,NFO,30-JAN-2020,12248.0,12245.1,12245.1,12590100,Futures,NIFTY,3750
12249.2,2020-01-01 14:07:00,NFO,30-JAN-2020,12249.5,12247.0,12247.0,12590100,Futures,NIFTY,5850
12249.6,2020-01-01 14:08:00,NFO,30-JAN-2020,12249.8,12248.05,12248.5,12590100,Futures,NIFTY,4800
12248.85,2020-01-01 14:09:00,NFO,30-JAN-2020,12249.65,12248.2,12249.6,12594525,Futures,NIFTY,5175
12246.0,2020-01-01 14:10:00,NFO,30-JAN-2020,12248.9,12246.0,12248.9,12594525,Futures,NIFTY,2325
12246.0,2020-01-01 14:11:00,NFO,30-JAN-2020,12246.15,12245.1,12245.7,12594525,Futures,NIFTY,3150
12246.0,2020-01-01 14:12:00,NFO,30-JAN-2020,12247.0,12245.15,12246.0,12595575,Futures,NIFTY,3300
12248.4,2020-01-01 14:13:00,NFO,30-JAN-2020,12248.4,12246.05,12246.05,12595575,Futures,NIFTY,1725
12240.85,2020-01-01 14:14:00,NFO,30-JAN-2020,12248.4,12236.6,12248.3,12595575,Futures,NIFTY,50100
12235.85,2020-01-01 14:15:00,NFO,30-JAN-2020,12240.65,12231.0,12240.0,12599400,Futures,NIFTY,44100
12235.05,2020-01-01 14:16:00,NFO,30-JAN-2020,12236.8,12233.05,12234.5,12599400,Futures,NIFTY,8850
12236.5,2020-01-01 14:17:00,NFO,30-JAN-2020,12237.15,12235.05,12235.25,12599400,Futures,NIFTY,4575
12239.7,2020-01-01 14:18:00,NFO,30-JAN-2020,12241.0,12237.0,12237.65,12593250,Futures,NIFTY,6750
12240.0,2020-01-01 14:19:00,NFO,30-JAN-2020,12240.0,12239.0,12239.75,12593250,Futures,NIFTY,4125
12238.5,2020-01-01 14:20:00,NFO,30-JAN-2020,12240.7,12238.5,12239.3,12593250,Futures,NIFTY,4500
12237.5,2020-01-01 14:21:00,NFO,30-JAN-2020,12239.0,12235.7,12239.0,12596925,Futures,NIFTY,1950
12237.2,2020-01-01 14:22:00,NFO,30-JAN-2020,12238.0,12236.55,12237.0,12596925,Futures,NIFTY,4575
12238.25,2020-01-01 14:23:00,NFO,30-JAN-2020,12238.3,12236.7,12238.0,12596925,Futures,NIFTY,2700
12238.5,2020-01-01 14:24:00,NFO,30-JAN-2020,12239.0,12237.15,12237.15,12597525,Futures,NIFTY,2550
12233.4,2020-01-01 14:25:00,NFO,30-JAN-2020,12238.6,12232.0,12238.15,12597525,Futures,NIFTY,12600
12236.0,2020-01-01 14:26:00,NFO,30-JAN-2020,12236.0,12233.25,12233.25,12597525,Futures,NIFTY,4275
12238.0,2020-01-01 14:27:00,NFO,30-JAN-2020,12239.5,12235.4,12236.0,12600750,Futures,NIFTY,4575
12240.0,2020-01-01 14:28:00,NFO,30-JAN-2020,12240.0,12237.5,12238.0,12600750,Futures,NIFTY,2475
12237.1,2020-01-01 14:29:00,NFO,30-JAN-2020,12239.7,12237.1,12239.7,12600750,Futures,NIFTY,3075
12238.1,2020-01-01 14:30:00,NFO,30-JAN-2020,12238.9,12237.1,12238.85,12599775,Futures,NIFTY,2025
12244.0,2020-01-01 14:31:00,NFO,30-JAN-2020,12248.55,12239.7,12239.7,12599775,Futures,NIFTY,23025
12241.0,2020-01-01 14:32:00,NFO,30-JAN-2020,12245.25,12240.1,12244.05,12599775,Futures,NIFTY,3225
12241.2,2020-01-01 14:33:00,NFO,30-JAN-2020,12243.55,12240.1,12240.5,12598650,Futures,NIFTY,3525
12240.0,2020-01-01 14:34:00,NFO,30-JAN-2020,12242.0,12237.05,12242.0,12598650,Futures,NIFTY,4800
12239.0,2020-01-01 14:35:00,NFO,30-JAN-2020,12240.95,12237.8,12239.05,12598650,Futures,NIFTY,6075
12238.95,2020-01-01 14:36:00,NFO,30-JAN-2020,12240.0,12238.7,12239.85,12598725,Futures,NIFTY,3225
12238.0,2020-01-01 14:37:00,NFO,30-JAN-2020,12239.6,12238.0,12238.0,12598725,Futures,NIFTY,2625
12238.1,2020-01-01 14:38:00,NFO,30-JAN-2020,12239.4,12238.0,12238.0,12598725,Futures,NIFTY,1875
12238.55,2020-01-01 14:39:00,NFO,30-JAN-2020,12239.3,12237.4,12239.15,12601575,Futures,NIFTY,5175
12241.9,2020-01-01 14:40:00,NFO,30-JAN-2020,12242.95,12239.3,12239.3,12601575,Futures,NIFTY,3750
12240.05,2020-01-01 14:41:00,NFO,30-JAN-2020,12242.55,12238.25,12241.9,12601575,Futures,NIFTY,3300
12241.4,2020-01-01 14:42:00,NFO,30-JAN-2020,12241.4,12240.0,12241.0,12601875,Futures,NIFTY,1125
12241.75,2020-01-01 14:43:00,NFO,30-JAN-2020,12243.0,12241.0,12241.5,12601875,Futures,NIFTY,3450
12241.8,2020-01-01 14:44:00,NFO,30-JAN-2020,12242.55,12240.25,12242.15,12601875,Futures,NIFTY,2475
12240.25,2020-01-01 14:45:00,NFO,30-JAN-2020,12242.15,12239.45,12241.6,12604650,Futures,NIFTY,2700
12240.15,2020-01-01 14:46:00,NFO,30-JAN-2020,12242.0,12240.05,12241.7,12604650,Futures,NIFTY,1650
12241.25,2020-01-01 14:47:00,NFO,30-JAN-2020,12241.25,12240.1,12241.15,12604650,Futures,NIFTY,1200
12243.85,2020-01-01 14:48:00,NFO,30-JAN-2020,12245.8,12240.25,12241.25,12605400,Futures,NIFTY,5775
12244.95,2020-01-01 14:49:00,NFO,30-JAN-2020,12246.3,12243.2,12244.1,12605400,Futures,NIFTY,6075
12244.0,2020-01-01 14:50:00,NFO,30-JAN-2020,12244.5,12243.05,12243.25,12605400,Futures,NIFTY,2400
12243.3,2020-01-01 14:51:00,NFO,30-JAN-2020,12244.7,12243.0,12243.25,12606900,Futures,NIFTY,1800
12241.25,2020-01-01 14:52:00,NFO,30-JAN-2020,12243.25,12241.25,12243.25,12606900,Futures,NIFTY,2025
12242.05,2020-01-01 14:53:00,NFO,30-JAN-2020,12242.95,12241.0,12241.3,12606900,Futures,NIFTY,2025
12242.0,2020-01-01 14:54:00,NFO,30-JAN-2020,12243.0,12240.25,12243.0,12606825,Futures,NIFTY,1875
12238.0,2020-01-01 14:55:00,NFO,30-JAN-2020,12242.0,12235.2,12241.05,12606825,Futures,NIFTY,16800
12238.0,2020-01-01 14:56:00,NFO,30-JAN-2020,12239.4,12236.8,12238.3,12606825,Futures,NIFTY,3075
12237.0,2020-01-01 14:57:00,NFO,30-JAN-2020,12237.15,12235.25,12237.15,12603675,Futures,NIFTY,6750
12234.0,2020-01-01 14:58:00,NFO,30-JAN-2020,12237.0,12234.0,12236.15,12603675,Futures,NIFTY,10950
12233.1,2020-01-01 14:59:00,NFO,30-JAN-2020,12235.65,12232.6,12234.45,12603675,Futures,NIFTY,12975
12239.7,2020-01-01 15:00:00,NFO,30-JAN-2020,12241.0,12231.2,12232.5,12596775,Futures,NIFTY,30150
12234.1,2020-01-01 15:01:00,NFO,30-JAN-2020,12239.7,12234.05,12239.7,12596775,Futures,NIFTY,11550
12234.45,2020-01-01 15:02:00,NFO,30-JAN-2020,12235.15,12233.1,12235.15,12596775,Futures,NIFTY,8400
12238.4,2020-01-01 15:03:00,NFO,30-JAN-2020,12238.4,12233.5,12233.5,12593625,Futures,NIFTY,9075
12241.15,2020-01-01 15:04:00,NFO,30-JAN-2020,12242.0,12237.8,12238.4,12593625,Futures,NIFTY,16425
12244.0,2020-01-01 15:05:00,NFO,30-JAN-2020,12246.1,12238.4,12238.4,12593625,Futures,NIFTY,19125
12243.0,2020-01-01 15:06:00,NFO,30-JAN-2020,12245.95,12243.0,12244.95,12580125,Futures,NIFTY,14550
12242.7,2020-01-01 15:07:00,NFO,30-JAN-2020,12243.85,12240.9,12243.85,12580125,Futures,NIFTY,11925
12241.3,2020-01-01 15:08:00,NFO,30-JAN-2020,12243.35,12240.65,12241.0,12580125,Futures,NIFTY,9375
12242.15,2020-01-01 15:09:00,NFO,30-JAN-2020,12244.0,12240.65,12240.65,12564975,Futures,NIFTY,11550
12238.5,2020-01-01 15:10:00,NFO,30-JAN-2020,12242.75,12238.5,12240.65,12564975,Futures,NIFTY,17325
12237.55,2020-01-01 15:11:00,NFO,30-JAN-2020,12241.65,12237.25,12238.0,12564975,Futures,NIFTY,12225
12239.5,2020-01-01 15:12:00,NFO,30-JAN-2020,12240.0,12237.4,12237.45,12543675,Futures,NIFTY,9300
12239.0,2020-01-01 15:13:00,NFO,30-JAN-2020,12240.5,12238.1,12239.9,12543675,Futures,NIFTY,15825
12239.15,2020-01-01 15:14:00,NFO,30-JAN-2020,12240.35,12238.2,12238.2,12543675,Futures,NIFTY,16500
12238.05,2020-01-01 15:15:00,NFO,30-JAN-2020,12242.6,12238.05,12239.15,12517275,Futures,NIFTY,36375
12237.1,2020-01-01 15:16:00,NFO,30-JAN-2020,12241.0,12237.1,12238.25,12517275,Futures,NIFTY,18075
12237.25,2020-01-01 15:17:00,NFO,30-JAN-2020,12239.15,12236.1,12237.1,12517275,Futures,NIFTY,10350
12239.0,2020-01-01 15:18:00,NFO,30-JAN-2020,12240.0,12237.0,12237.05,12485550,Futures,NIFTY,17325
12240.0,2020-01-01 15:19:00,NFO,30-JAN-2020,12240.5,12238.0,12239.9,12485550,Futures,NIFTY,20925
12242.0,2020-01-01 15:20:00,NFO,30-JAN-2020,12242.0,12237.2,12240.0,12485550,Futures,NIFTY,46050
12241.25,2020-01-01 15:21:00,NFO,30-JAN-2020,12244.0,12240.55,12241.85,12470775,Futures,NIFTY,44850
12244.4,2020-01-01 15:22:00,NFO,30-JAN-2020,12244.4,12240.45,12241.25,12470775,Futures,NIFTY,45675
12246.25,2020-01-01 15:23:00,NFO,30-JAN-2020,12246.25,12242.2,12244.4,12470775,Futures,NIFTY,39150
12248.0,2020-01-01 15:24:00,NFO,30-JAN-2020,12248.2,12246.05,12246.25,12451350,Futures,NIFTY,57675
12249.9,2020-01-01 15:25:00,NFO,30-JAN-2020,12250.55,12248.0,12248.0,12451350,Futures,NIFTY,78075
12250.1,2020-01-01 15:26:00,NFO,30-JAN-2020,12250.8,12249.45,12249.6,12451350,Futures,NIFTY,34500
12250.45,2020-01-01 15:27:00,NFO,30-JAN-2020,12250.45,12249.8,12250.05,12480750,Futures,NIFTY,31050
12250.3,2020-01-01 15:28:00,NFO,30-JAN-2020,12251.05,12250.0,12250.25,12480750,Futures,NIFTY,59850
12251.0,2020-01-01 15:29:00,NFO,30-JAN-2020,12252.0,12250.2,12250.3,12480750,Futures,NIFTY,26250
12267.95,2020-01-02 09:15:00,NFO,30-JAN-2020,12274.75,12245.5,12252.1,12014775,Futures,NIFTY,113778
12263.0,2020-01-02 09:16:00,NFO,30-JAN-2020,12268.35,12260.15,12267.9,12014775,Futures,NIFTY,62550
12266.0,2020-01-02 09:17:00,NFO,30-JAN-2020,12266.9,12261.0,12263.0,12092025,Futures,NIFTY,37650
12264.35,2020-01-02 09:18:00,NFO,30-JAN-2020,12266.0,12261.35,12266.0,12092025,Futures,NIFTY,27450
12268.0,2020-01-02 09:19:00,NFO,30-JAN-2020,12268.0,12263.3,12263.3,12092025,Futures,NIFTY,38700
12270.3,2020-01-02 09:20:00,NFO,30-JAN-2020,12275.0,12268.05,12268.05,12167025,Futures,NIFTY,163125
12271.35,2020-01-02 09:21:00,NFO,30-JAN-2020,12274.0,12269.15,12271.0,12167025,Futures,NIFTY,57300
12270.0,2020-01-02 09:22:00,NFO,30-JAN-2020,12273.0,12269.5,12271.8,12167025,Futures,NIFTY,43050
12270.7,2020-01-02 09:23:00,NFO,30-JAN-2020,12272.0,12269.7,12270.75,12197025,Futures,NIFTY,26100
12269.8,2020-01-02 09:24:00,NFO,30-JAN-2020,12272.0,12269.8,12270.7,12197025,Futures,NIFTY,23400
12274.5,2020-01-02 09:25:00,NFO,30-JAN-2020,12274.5,12269.6,12269.8,12197025,Futures,NIFTY,29850
12278.0,2020-01-02 09:26:00,NFO,30-JAN-2020,12278.0,12273.45,12274.0,12216450,Futures,NIFTY,46650
12276.5,2020-01-02 09:27:00,NFO,30-JAN-2020,12278.0,12275.2,12276.65,12216450,Futures,NIFTY,24225
12276.0,2020-01-02 09:28:00,NFO,30-JAN-2020,12276.8,12275.35,12276.15,12216450,Futures,NIFTY,15675
12276.7,2020-01-02 09:29:00,NFO,30-JAN-2020,12279.1,12276.0,12276.1,12234675,Futures,NIFTY,26100
12283.0,2020-01-02 09:30:00,NFO,30-JAN-2020,12283.0,12276.55,12276.9,12234675,Futures,NIFTY,99450
12283.8,2020-01-02 09:31:00,NFO,30-JAN-2020,12284.75,12281.5,12282.95,12234675,Futures,NIFTY,62775
12282.0,2020-01-02 09:32:00,NFO,30-JAN-2020,12284.0,12281.0,12282.55,12283875,Futures,NIFTY,31500
12279.75,2020-01-02 09:33:00,NFO,30-JAN-2020,12283.5,12279.0,12282.6,12283875,Futures,NIFTY,27150
12278.0,2020-01-02 09:34:00,NFO,30-JAN-2020,12279.9,12278.0,12279.1,12283875,Futures,NIFTY,22350
12278.0,2020-01-02 09:35:00,NFO,30-JAN-2020,12280.0,12277.6,12277.6,12273675,Futures,NIFTY,21900
12278.0,2020-01-02 09:36:00,NFO,30-JAN-2020,12278.95,12277.75,12278.05,12273675,Futures,NIFTY,8775
12275.0,2020-01-02 09:37:00,NFO,30-JAN-2020,12278.55,12275.0,12277.5,12273675,Futures,NIFTY,31575
12274.0,2020-01-02 09:38:00,NFO,30-JAN-2020,12275.15,12274.0,12275.0,12274575,Futures,NIFTY,18375
12275.5,2020-01-02 09:39:00,NFO,30-JAN-2020,12275.5,12272.45,12274.1,12274575,Futures,NIFTY,33450
12274.95,2020-01-02 09:40:00,NFO,30-JAN-2020,12276.55,12274.4,12275.6,12274575,Futures,NIFTY,19275
12274.95,2020-01-02 09:41:00,NFO,30-JAN-2020,12275.0,12273.1,12274.7,12289350,Futures,NIFTY,17025
12276.8,2020-01-02 09:42:00,NFO,30-JAN-2020,12276.8,12273.85,12274.2,12289350,Futures,NIFTY,15900
12274.9,2020-01-02 09:43:00,NFO,30-JAN-2020,12276.8,12274.3,12276.8,12289350,Futures,NIFTY,17100
12274.0,2020-01-02 09:44:00,NFO,30-JAN-2020,12274.95,12273.1,12274.95,12300975,Futures,NIFTY,12000
12268.0,2020-01-02 09:45:00,NFO,30-JAN-2020,12274.6,12267.7,12274.45,12300975,Futures,NIFTY,53550
12270.0,2020-01-02 09:46:00,NFO,30-JAN-2020,12270.0,12266.5,12266.95,12300975,Futures,NIFTY,56400
12268.9,2020-01-02 09:47:00,NFO,30-JAN-2020,12270.0,12268.85,12270.0,12319575,Futures,NIFTY,14325
12269.95,2020-01-02 09:48:00,NFO,30-JAN-2020,12270.35,12268.5,12268.8,12319575,Futures,NIFTY,18975
12269.0,2020-01-02 09:49:00,NFO,30-JAN-2020,12269.75,12266.45,12269.35,12319575,Futures,NIFTY,22200
12270.4,2020-01-02 09:50:00,NFO,30-JAN-2020,12270.4,12267.95,12269.5,12346500,Futures,NIFTY,20475
12269.45,2020-01-02 09:51:00,NFO,30-JAN-2020,12270.75,12269.3,12270.65,12346500,Futures,NIFTY,15375
12271.25,2020-01-02 09:52:00,NFO,30-JAN-2020,12271.6,12269.2,12270.35,12346500,Futures,NIFTY,12525
12269.0,2020-01-02 09:53:00,NFO,30-JAN-2020,12272.0,12268.1,12271.6,12361425,Futures,NIFTY,17475
12264.75,2020-01-02 09:54:00,NFO,30-JAN-2020,12269.2,12264.3,12268.5,12361425,Futures,NIFTY,26250
12267.0,2020-01-02 09:55:00,NFO,30-JAN-2020,12267.75,12263.65,12264.95,12361425,Futures,NIFTY,13950
12268.0,2020-01-02 09:56:00,NFO,30-JAN-2020,12268.0,12266.95,12267.0,12373125,Futures,NIFTY,5250
12266.65,2020-01-02 09:57:00,NFO,30-JAN-2020,12267.8,12265.55,12267.1,12373125,Futures,NIFTY,6825
12270.85,2020-01-02 09:58:00,NFO,30-JAN-2020,12270.85,12266.25,12266.25,12373125,Futures,NIFTY,13650
12272.0,2020-01-02 09:59:00,NFO,30-JAN-2020,12272.4,12269.65,12270.0,12379050,Futures,NIFTY,7350
12275.0,2020-01-02 10:00:00,NFO,30-JAN-2020,12275.0,12270.55,12270.55,12379050,Futures,NIFTY,14550
12273.75,2020-01-02 10:01:00,NFO,30-JAN-2020,12275.0,12272.55,12275.0,12379050,Futures,NIFTY,9150
12274.8,2020-01-02 10:02:00,NFO,30-JAN-2020,12275.0,12273.5,12274.1,12386025,Futures,NIFTY,5550
12275.65,2020-01-02 10:03:00,NFO,30-JAN-2020,12276.1,12274.0,12274.0,12386025,Futures,NIFTY,13650
12275.65,2020-01-02 10:04:00,NFO,30-JAN-2020,12275.65,12274.0,12275.65,12386025,Futures,NIFTY,5250
12274.1,2020-01-02 10:05:00,NFO,30-JAN-2020,12276.2,12274.0,12275.65,12390450,Futures,NIFTY,8325
12275.0,2020-01-02 10:06:00,NFO,30-JAN-2020,12275.75,12273.0,12274.45,12390450,Futures,NIFTY,14475
12275.9,2020-01-02 10:07:00,NFO,30-JAN-2020,12276.15,12275.0,12275.0,12390450,Futures,NIFTY,4050
12274.8,2020-01-02 10:08:00,NFO,30-JAN-2020,12276.0,12274.05,12276.0,12396525,Futures,NIFTY,3900
12275.2,2020-01-02 10:09:00,NFO,30-JAN-2020,12275.35,12273.35,12273.35,12396525,Futures,NIFTY,6075
12273.0,2020-01-02 10:10:00,NFO,30-JAN-2020,12275.4,12272.25,12275.2,12396525,Futures,NIFTY,10725
12274.0,2020-01-02 10:11:00,NFO,30-JAN-2020,12274.0,12272.15,12273.0,12394575,Futures,NIFTY,5025
12273.25,2020-01-02 10:12:00,NFO,30-JAN-2020,12274.0,12273.05,12274.0,12394575,Futures,NIFTY,2100
12278.4,2020-01-02 10:13:00,NFO,30-JAN-2020,12279.1,12272.8,12272.8,12394575,Futures,NIFTY,19050
12277.05,2020-01-02 10:14:00,NFO,30-JAN-2020,12278.3,12276.1,12278.3,12400050,Futures,NIFTY,11175
12278.4,2020-01-02 10:15:00,NFO,30-JAN-2020,12279.0,12277.2,12277.4,12400050,Futures,NIFTY,15075
12278.0,2020-01-02 10:16:00,NFO,30-JAN-2020,12278.85,12277.5,12278.55,12400050,Futures,NIFTY,10275
12280.35,2020-01-02 10:17:00,NFO,30-JAN-2020,12281.0,12278.15,12278.15,12396525,Futures,NIFTY,28725
12282.2,2020-01-02 10:18:00,NFO,30-JAN-2020,12283.35,12280.3,12280.75,12396525,Futures,NIFTY,34275
12282.65,2020-01-02 10:19:00,NFO,30-JAN-2020,12287.2,12282.3,12282.3,12396525,Futures,NIFTY,103650
12284.0,2020-01-02 10:20:00,NFO,30-JAN-2020,12284.95,12282.5,12282.6,12422550,Futures,NIFTY,20475
12282.25,2020-01-02 10:21:00,NFO,30-JAN-2020,12284.65,12282.25,12283.9,12422550,Futures,NIFTY,16050
12282.2,2020-01-02 10:22:00,NFO,30-JAN-2020,12283.8,12282.15,12282.25,12422550,Futures,NIFTY,7650
12280.2,2020-01-02 10:23:00,NFO,30-JAN-2020,12282.2,12280.0,12282.1,12442125,Futures,NIFTY,9450
12281.6,2020-01-02 10:24:00,NFO,30-JAN-2020,12282.0,12280.55,12280.95,12442125,Futures,NIFTY,4950
12281.7,2020-01-02 10:25:00,NFO,30-JAN-2020,12282.0,12280.95,12281.5,12442125,Futures,NIFTY,5625
12281.0,2020-01-02 10:26:00,NFO,30-JAN-2020,12282.0,12280.5,12281.9,12440700,Futures,NIFTY,4050
12281.5,2020-01-02 10:27:00,NFO,30-JAN-2020,12281.65,12280.6,12280.6,12440700,Futures,NIFTY,2925
12282.6,2020-01-02 10:28:00,NFO,30-JAN-2020,12283.0,12281.6,12281.6,12440700,Futures,NIFTY,8550
12283.05,2020-01-02 10:29:00,NFO,30-JAN-2020,12283.25,12282.15,12282.75,12442500,Futures,NIFTY,9225
12283.8,2020-01-02 10:30:00,NFO,30-JAN-2020,12287.0,12282.55,12282.65,12442500,Futures,NIFTY,24750
12287.45,2020-01-02 10:31:00,NFO,30-JAN-2020,12289.0,12283.45,12283.8,12442500,Futures,NIFTY,29175
12285.15,2020-01-02 10:32:00,NFO,30-JAN-2020,12287.0,12285.0,12285.6,12456300,Futures,NIFTY,11550
12288.05,2020-01-02 10:33:00,NFO,30-JAN-2020,12289.0,12285.1,12286.0,12456300,Futures,NIFTY,12000
12287.35,2020-01-02 10:34:00,NFO,30-JAN-2020,12289.8,12286.0,12288.9,12456300,Futures,NIFTY,27975
12286.0,2020-01-02 10:35:00,NFO,30-JAN-2020,12288.0,12285.2,12285.2,12457200,Futures,NIFTY,11100
12287.55,2020-01-02 10:36:00,NFO,30-JAN-2020,12287.7,12285.1,12285.5,12457200,Futures,NIFTY,7725
12289.25,2020-01-02 10:37:00,NFO,30-JAN-2020,12289.95,12286.95,12287.0,12457200,Futures,NIFTY,14475
12289.15,2020-01-02 10:38:00,NFO,30-JAN-2020,12292.0,12288.2,12289.1,12467700,Futures,NIFTY,39675
12290.0,2020-01-02 10:39:00,NFO,30-JAN-2020,12290.0,12288.2,12289.15,12467700,Futures,NIFTY,12450
12287.9,2020-01-02 10:40:00,NFO,30-JAN-2020,12290.1,12287.9,12290.05,12467700,Futures,NIFTY,13500
12285.55,2020-01-02 10:41:00,NFO,30-JAN-2020,12287.9,12285.0,12287.9,12472500,Futures,NIFTY,10800
12288.0,2020-01-02 10:42:00,NFO,30-JAN-2020,12288.0,12285.9,12285.9,12472500,Futures,NIFTY,7650
12287.4,2020-01-02 10:43:00,NFO,30-JAN-2020,12289.0,12286.7,12287.9,12472500,Futures,NIFTY,12225
12286.45,2020-01-02 10:44:00,NFO,30-JAN-2020,12287.0,12285.75,12287.0,12480600,Futures,NIFTY,7350
12285.5,2020-01-02 10:45:00,NFO,30-JAN-2020,12287.4,12284.95,12286.1,12480600,Futures,NIFTY,23475
12284.15,2020-01-02 10:46:00,NFO,30-JAN-2020,12286.65,12283.0,12283.55,12480600,Futures,NIFTY,19050
12285.7,2020-01-02 10:47:00,NFO,30-JAN-2020,12286.45,12283.7,12284.05,12481500,Futures,NIFTY,10800
12283.9,2020-01-02 10:48:00,NFO,30-JAN-2020,12285.0,12283.8,12285.0,12481500,Futures,NIFTY,9225
12284.4,2020-01-02 10:49:00,NFO,30-JAN-2020,12285.0,12283.5,12283.9,12481500,Futures,NIFTY,10200
12286.9,2020-01-02 10:50:00,NFO,30-JAN-2020,12286.9,12284.1,12284.3,12477075,Futures,NIFTY,11250
12287.0,2020-01-02 10:51:00,NFO,30-JAN-2020,12287.4,12286.0,12286.0,12477075,Futures,NIFTY,8475
12284.5,2020-01-02 10:52:00,NFO,30-JAN-2020,12287.7,12284.15,12287.4,12477075,Futures,NIFTY,7875
12283.7,2020-01-02 10:53:00,NFO,30-JAN-2020,12285.0,12283.1,12285.0,12476475,Futures,NIFTY,6075
12286.25,2020-01-02 10:54:00,NFO,30-JAN-2020,12286.3,12283.7,12284.9,12476475,Futures,NIFTY,5325
12286.0,2020-01-02 10:55:00,NFO,30-JAN-2020,12286.2,12284.9,12285.9,12476475,Futures,NIFTY,3675
12284.15,2020-01-02 10:56:00,NFO,30-JAN-2020,12286.75,12284.15,12285.55,12479625,Futures,NIFTY,3975
12283.05,2020-01-02 10:57:00,NFO,30-JAN-2020,12284.0,12282.2,12284.0,12479625,Futures,NIFTY,10125
12283.0,2020-01-02 10:58:00,NFO,30-JAN-2020,12283.05,12281.1,12282.95,12479625,Futures,NIFTY,7950
12281.35,2020-01-02 10:59:00,NFO,30-JAN-2020,12283.45,12281.35,12283.0,12473025,Futures,NIFTY,5925
12282.1,2020-01-02 11:00:00,NFO,30-JAN-2020,12283.5,12281.7,12281.85,12473025,Futures,NIFTY,2775
12282.0,2020-01-02 11:01:00,NFO,30-JAN-2020,12283.15,12281.65,12282.0,12473025,Futures,NIFTY,2850
12284.0,2020-01-02 11:02:00,NFO,30-JAN-2020,12284.0,12281.65,12282.05,12471900,Futures,NIFTY,3600
12283.15,2020-01-02 11:03:00,NFO,30-JAN-2020,12284.0,12283.0,12283.4,12471900,Futures,NIFTY,5025
12284.05,2020-01-02 11:04:00,NFO,30-JAN-2020,12285.0,12283.15,12283.15,12471900,Futures,NIFTY,5175
12284.0,2020-01-02 11:05:00,NFO,30-JAN-2020,12284.9,12283.1,12284.15,12471975,Futures,NIFTY,2850
12284.1,2020-01-02 11:06:00,NFO,30-JAN-2020,12284.9,12283.7,12284.0,12471975,Futures,NIFTY,8175
12284.5,2020-01-02 11:07:00,NFO,30-JAN-2020,12284.85,12282.55,12283.9,12471975,Futures,NIFTY,5400
12285.5,2020-01-02 11:08:00,NFO,30-JAN-2020,12285.5,12284.65,12284.85,12477750,Futures,NIFTY,10875
12287.75,2020-01-02 11:09:00,NFO,30-JAN-2020,12288.0,12285.4,12285.4,12477750,Futures,NIFTY,15375
12286.0,2020-01-02 11:10:00,NFO,30-JAN-2020,12288.05,12285.6,12287.95,12477750,Futures,NIFTY,10500
12285.85,2020-01-02 11:11:00,NFO,30-JAN-2020,12286.95,12285.65,12286.75,12489300,Futures,NIFTY,3975
12286.0,2020-01-02 11:12:00,NFO,30-JAN-2020,12287.0,12285.6,12286.0,12489300,Futures,NIFTY,2550
12284.15,2020-01-02 11:13:00,NFO,30-JAN-2020,12286.2,12284.1,12285.65,12489300,Futures,NIFTY,3450
12285.0,2020-01-02 11:14:00,NFO,30-JAN-2020,12286.0,12284.1,12284.1,12493575,Futures,NIFTY,2250
12287.0,2020-01-02 11:15:00,NFO,30-JAN-2020,12287.0,12284.35,12285.0,12493575,Futures,NIFTY,5850
12292.1,2020-01-02 11:16:00,NFO,30-JAN-2020,12292.4,12287.9,12287.9,12493575,Futures,NIFTY,43350
12292.05,2020-01-02 11:17:00,NFO,30-JAN-2020,12294.4,12290.0,12291.25,12522375,Futures,NIFTY,22575
12291.75,2020-01-02 11:18:00,NFO,30-JAN-2020,12293.3,12291.55,12292.05,12522375,Futures,NIFTY,18000
12292.05,2020-01-02 11:19:00,NFO,30-JAN-2020,12292.05,12290.1,12291.75,12522375,Futures,NIFTY,6525
12293.15,2020-01-02 11:20:00,NFO,30-JAN-2020,12294.65,12292.15,12292.15,12536625,Futures,NIFTY,15975
12294.85,2020-01-02 11:21:00,NFO,30-JAN-2020,12295.5,12293.1,12294.45,12536625,Futures,NIFTY,30225
12295.0,2020-01-02 11:22:00,NFO,30-JAN-2020,12295.45,12293.65,12295.0,12536625,Futures,NIFTY,12675
12294.0,2020-01-02 11:23:00,NFO,30-JAN-2020,12295.45,12294.0,12294.2,12537750,Futures,NIFTY,12375
12297.0,2020-01-02 11:24:00,NFO,30-JAN-2020,12299.0,12294.0,12294.0,12537750,Futures,NIFTY,57975
12297.6,2020-01-02 11:25:00,NFO,30-JAN-2020,12298.5,12296.0,12298.0,12537750,Futures,NIFTY,17625
12296.0,2020-01-02 11:26:00,NFO,30-JAN-2020,12297.8,12296.0,12297.75,12543900,Futures,NIFTY,10350
12297.9,2020-01-02 11:27:00,NFO,30-JAN-2020,12298.0,12296.0,12296.0,12543900,Futures,NIFTY,10875
12296.6,2020-01-02 11:28:00,NFO,30-JAN-2020,12298.7,12296.3,12298.55,12543900,Futures,NIFTY,10350
12295.1,2020-01-02 11:29:00,NFO,30-JAN-2020,12296.85,12294.65,12296.6,12545850,Futures,NIFTY,12825
12296.5,2020-01-02 11:30:00,NFO,30-JAN-2020,12296.9,12295.0,12295.55,12545850,Futures,NIFTY,8175
12296.3,2020-01-02 11:31:00,NFO,30-JAN-2020,12297.8,12295.0,12296.4,12545850,Futures,NIFTY,10050
12297.1,2020-01-02 11:32:00,NFO,30-JAN-2020,12298.05,12296.0,12296.35,12550125,Futures,NIFTY,9300
12298.55,2020-01-02 11:33:00,NFO,30-JAN-2020,12298.75,12295.95,12297.1,12550125,Futures,NIFTY,12075
12299.95,2020-01-02 11:34:00,NFO,30-JAN-2020,12302.85,12297.15,12297.4,12550125,Futures,NIFTY,55275
12303.55,2020-01-02 11:35:00,NFO,30-JAN-2020,12303.55,12300.0,12300.45,12554250,Futures,NIFTY,28875
12300.45,2020-01-02 11:36:00,NFO,30-JAN-2020,12303.8,12300.45,12302.5,12554250,Futures,NIFTY,25650
12301.0,2020-01-02 11:37:00,NFO,30-JAN-2020,12301.3,12299.25,12301.15,12554250,Futures,NIFTY,25575
12298.5,2020-01-02 11:38:00,NFO,30-JAN-2020,12300.8,12297.6,12299.35,12524100,Futures,NIFTY,19875
12298.25,2020-01-02 11:39:00,NFO,30-JAN-2020,12300.0,12298.0,12298.5,12524100,Futures,NIFTY,12525
12300.1,2020-01-02 11:40:00,NFO,30-JAN-2020,12301.25,12298.25,12299.05,12524100,Futures,NIFTY,18900
12302.25,2020-01-02 11:41:00,NFO,30-JAN-2020,12303.05,12300.0,12301.0,12526800,Futures,NIFTY,17325
12302.95,2020-01-02 11:42:00,NFO,30-JAN-2020,12303.7,12302.05,12302.05,12526800,Futures,NIFTY,8025
12301.55,2020-01-02 11:43:00,NFO,30-JAN-2020,12303.0,12301.55,12302.2,12526800,Futures,NIFTY,11850
12304.5,2020-01-02 11:44:00,NFO,30-JAN-2020,12304.5,12301.7,12302.0,12532425,Futures,NIFTY,12225
12303.0,2020-01-02 11:45:00,NFO,30-JAN-2020,12304.9,12302.85,12304.5,12532425,Futures,NIFTY,17325
12304.4,2020-01-02 11:46:00,NFO,30-JAN-2020,12307.65,12302.95,12302.95,12532425,Futures,NIFTY,39900
12305.0,2020-01-02 11:47:00,NFO,30-JAN-2020,12306.85,12305.0,12305.35,12543000,Futures,NIFTY,14400
12305.75,2020-01-02 11:48:00,NFO,30-JAN-2020,12306.75,12305.0,12305.65,12543000,Futures,NIFTY,8400
12305.75,2020-01-02 11:49:00,NFO,30-JAN-2020,12307.0,12303.9,12305.0,12543000,Futures,NIFTY,21450
12304.65,2020-01-02 11:50:00,NFO,30-JAN-2020,12305.0,12304.5,12305.0,12549450,Futures,NIFTY,10125
12305.8,2020-01-02 11:51:00,NFO,30-JAN-2020,12307.75,12304.5,12304.5,12549450,Futures,NIFTY,24825
12307.15,2020-01-02 11:52:00,NFO,30-JAN-2020,12308.5,12305.5,12305.55,12549450,Futures,NIFTY,19725
12306.0,2020-01-02 11:53:00,NFO,30-JAN-2020,12308.35,12304.65,12307.2,12556275,Futures,NIFTY,19125
12310.15,2020-01-02 11:54:00,NFO,30-JAN-2020,12311.8,12305.0,12305.8,12556275,Futures,NIFTY,39075
12307.15,2020-01-02 11:55:00,NFO,30-JAN-2020,12311.0,12306.8,12310.85,12556275,Futures,NIFTY,20250
12306.35,2020-01-02 11:56:00,NFO,30-JAN-2020,12308.0,12306.25,12307.0,12565425,Futures,NIFTY,11100
12305.5,2020-01-02 11:57:00,NFO,30-JAN-2020,12307.45,12305.25,12306.35,12565425,Futures,NIFTY,13500
12304.55,2020-01-02 11:58:00,NFO,30-JAN-2020,12305.7,12304.2,12304.55,12565425,Futures,NIFTY,19575
12307.0,2020-01-02 11:59:00,NFO,30-JAN-2020,12307.0,12304.6,12305.0,12576000,Futures,NIFTY,13200
12309.1,2020-01-02 12:00:00,NFO,30-JAN-2020,12309.5,12307.0,12307.0,12576000,Futures,NIFTY,13350
12309.0,2020-01-02 12:01:00,NFO,30-JAN-2020,12309.9,12307.5,12309.15,12576000,Futures,NIFTY,15525
12306.7,2020-01-02 12:02:00,NFO,30-JAN-2020,12309.2,12305.5,12307.6,12596925,Futures,NIFTY,8550
12306.3,2020-01-02 12:03:00,NFO,30-JAN-2020,12308.7,12305.6,12306.3,12596925,Futures,NIFTY,8325
12308.0,2020-01-02 12:04:00,NFO,30-JAN-2020,12308.8,12306.35,12306.35,12596925,Futures,NIFTY,11775
12309.05,2020-01-02 12:05:00,NFO,30-JAN-2020,12310.0,12308.0,12308.45,12597675,Futures,NIFTY,14400
12307.0,2020-01-02 12:06:00,NFO,30-JAN-2020,12308.9,12306.65,12308.0,12597675,Futures,NIFTY,4950
12307.4,2020-01-02 12:07:00,NFO,30-JAN-2020,12308.1,12306.9,12307.0,12597675,Futures,NIFTY,4050
12307.95,2020-01-02 12:08:00,NFO,30-JAN-2020,12308.15,12307.4,12307.95,12598275,Futures,NIFTY,7050
12312.4,2020-01-02 12:09:00,NFO,30-JAN-2020,12314.0,12308.0,12308.0,12598275,Futures,NIFTY,49425
12312.35,2020-01-02 12:10:00,NFO,30-JAN-2020,12314.8,12312.35,12312.55,12598275,Futures,NIFTY,22350
12313.05,2020-01-02 12:11:00,NFO,30-JAN-2020,12314.05,12312.2,12312.3,12608850,Futures,NIFTY,23025
12312.55,2020-01-02 12:12:00,NFO,30-JAN-2020,12314.0,12312.55,12313.2,12608850,Futures,NIFTY,14475
12314.85,2020-01-02 12:13:00,NFO,30-JAN-2020,12316.95,12313.0,12313.0,12608850,Futures,NIFTY,38925
12315.3,2020-01-02 12:14:00,NFO,30-JAN-2020,12317.55,12314.0,12314.45,12631800,Futures,NIFTY,27000
12320.0,2020-01-02 12:15:00,NFO,30-JAN-2020,12321.75,12315.5,12316.5,12631800,Futures,NIFTY,98550
12324.55,2020-01-02 12:16:00,NFO,30-JAN-2020,12324.55,12320.0,12320.0,12631800,Futures,NIFTY,59175
12322.05,2020-01-02 12:17:00,NFO,30-JAN-2020,12324.55,12321.6,12324.55,12653025,Futures,NIFTY,47100
12321.9,2020-01-02 12:18:00,NFO,30-JAN-2020,12323.4,12320.4,12322.0,12653025,Futures,NIFTY,24450
12321.85,2020-01-02 12:19:00,NFO,30-JAN-2020,12322.6,12320.0,12320.9,12653025,Futures,NIFTY,21900
12320.0,2020-01-02 12:20:00,NFO,30-JAN-2020,12322.0,12319.25,12321.85,12656400,Futures,NIFTY,15750
12320.0,2020-01-02 12:21:00,NFO,30-JAN-2020,12320.9,12319.0,12320.6,12656400,Futures,NIFTY,9150
12320.0,2020-01-02 12:22:00,NFO,30-JAN-2020,12321.0,12319.0,12320.0,12656400,Futures,NIFTY,17025
12323.6,2020-01-02 12:23:00,NFO,30-JAN-2020,12323.6,12319.8,12320.0,12655200,Futures,NIFTY,18600
12323.7,2020-01-02 12:24:00,NFO,30-JAN-2020,12323.75,12321.05,12323.7,12655200,Futures,NIFTY,12750
12323.65,2020-01-02 12:25:00,NFO,30-JAN-2020,12323.75,12321.5,12323.75,12655200,Futures,NIFTY,7725
12319.25,2020-01-02 12:26:00,NFO,30-JAN-2020,12324.0,12318.55,12323.65,12668850,Futures,NIFTY,22875
12319.8,2020-01-02 12:27:00,NFO,30-JAN-2020,12320.8,12319.5,12320.0,12668850,Futures,NIFTY,11850
12321.3,2020-01-02 12:28:00,NFO,30-JAN-2020,12321.5,12319.35,12320.0,12668850,Futures,NIFTY,12900
12321.5,2020-01-02 12:29:00,NFO,30-JAN-2020,12322.0,12319.6,12319.6,12670275,Futures,NIFTY,6825
12324.95,2020-01-02 12:30:00,NFO,30-JAN-2020,12324.95,12321.9,12321.9,12670275,Futures,NIFTY,12000
12323.9,2020-01-02 12:31:00,NFO,30-JAN-2020,12325.0,12322.8,12324.9,12670275,Futures,NIFTY,20550
12324.0,2020-01-02 12:32:00,NFO,30-JAN-2020,12325.0,12322.9,12323.7,12667500,Futures,NIFTY,13050
12326.6,2020-01-02 12:33:00,NFO,30-JAN-2020,12329.45,12323.05,12323.05,12667500,Futures,NIFTY,52200
12327.5,2020-01-02 12:34:00,NFO,30-JAN-2020,12328.0,12325.0,12326.6,12667500,Futures,NIFTY,15900
12329.0,2020-01-02 12:35:00,NFO,30-JAN-2020,12330.0,12327.55,12328.25,12659475,Futures,NIFTY,30450
12328.0,2020-01-02 12:36:00,NFO,30-JAN-2020,12330.0,12328.0,12329.1,12659475,Futures,NIFTY,22575
12327.55,2020-01-02 12:37:00,NFO,30-JAN-2020,12329.0,12327.0,12328.0,12659475,Futures,NIFTY,7875
12326.2,2020-01-02 12:38:00,NFO,30-JAN-2020,12327.8,12326.2,12327.25,12660150,Futures,NIFTY,10800
12327.85,2020-01-02 12:39:00,NFO,30-JAN-2020,12327.95,12326.6,12326.95,12660150,Futures,NIFTY,9900
12328.35,2020-01-02 12:40:00,NFO,30-JAN-2020,12328.85,12327.7,12327.85,12660150,Futures,NIFTY,13050
12327.15,2020-01-02 12:41:00,NFO,30-JAN-2020,12328.35,12327.15,12328.35,12662175,Futures,NIFTY,5025
12327.15,2020-01-02 12:42:00,NFO,30-JAN-2020,12328.2,12327.1,12327.2,12662175,Futures,NIFTY,11325
12327.7,2020-01-02 12:43:00,NFO,30-JAN-2020,12328.0,12327.1,12327.15,12662175,Futures,NIFTY,11775
12328.0,2020-01-02 12:44:00,NFO,30-JAN-2020,12328.0,12326.65,12327.7,12662325,Futures,NIFTY,13425
12317.45,2020-01-02 12:45:00,NFO,30-JAN-2020,12327.25,12316.35,12326.6,12662325,Futures,NIFTY,63450
12319.45,2020-01-02 12:46:00,NFO,30-JAN-2020,12321.35,12316.0,12317.0,12662325,Futures,NIFTY,38175
12315.0,2020-01-02 12:47:00,NFO,30-JAN-2020,12319.1,12314.25,12318.95,12673125,Futures,NIFTY,41550
12317.1,2020-01-02 12:48:00,NFO,30-JAN-2020,12318.0,12313.6,12314.1,12673125,Futures,NIFTY,42150
12316.6,2020-01-02 12:49:00,NFO,30-JAN-2020,12317.95,12316.0,12317.1,12673125,Futures,NIFTY,23100
12317.15,2020-01-02 12:50:00,NFO,30-JAN-2020,12317.5,12316.0,12316.6,12678000,Futures,NIFTY,13800
12318.05,2020-01-02 12:51:00,NFO,30-JAN-2020,12318.7,12317.0,12317.1,12678000,Futures,NIFTY,17475
12316.6,2020-01-02 12:52:00,NFO,30-JAN-2020,12318.3,12316.6,12318.05,12678000,Futures,NIFTY,13275
12316.5,2020-01-02 12:53:00,NFO,30-JAN-2020,12317.75,12314.6,12316.75,12669225,Futures,NIFTY,12525
12318.0,2020-01-02 12:54:00,NFO,30-JAN-2020,12318.6,12315.6,12315.8,12669225,Futures,NIFTY,13125
12316.35,2020-01-02 12:55:00,NFO,30-JAN-2020,12318.05,12315.6,12318.05,12669225,Futures,NIFTY,6975
12314.0,2020-01-02 12:56:00,NFO,30-JAN-2020,12316.4,12313.3,12315.8,12678150,Futures,NIFTY,12825
12315.0,2020-01-02 12:57:00,NFO,30-JAN-2020,12315.75,12312.3,12314.4,12678150,Futures,NIFTY,15975
12313.4,2020-01-02 12:58:00,NFO,30-JAN-2020,12315.5,12313.05,12315.05,12678150,Futures,NIFTY,13950
12314.75,2020-01-02 12:59:00,NFO,30-JAN-2020,12315.05,12312.8,12313.05,12699150,Futures,NIFTY,16125
12317.75,2020-01-02 13:00:00,NFO,30-JAN-2020,12317.75,12314.05,12314.75,12699150,Futures,NIFTY,20100
12318.7,2020-01-02 13:01:00,NFO,30-JAN-2020,12320.0,12317.0,12317.25,12699150,Futures,NIFTY,14400
12320.0,2020-01-02 13:02:00,NFO,30-JAN-2020,12321.0,12318.75,12318.75,12626775,Futures,NIFTY,15900
12321.35,2020-01-02 13:03:00,NFO,30-JAN-2020,12321.35,12320.05,12320.05,12626775,Futures,NIFTY,7350
12322.75,2020-01-02 13:04:00,NFO,30-JAN-2020,12322.75,12321.0,12321.0,12626775,Futures,NIFTY,17325
12322.0,2020-01-02 13:05:00,NFO,30-JAN-2020,12323.3,12322.0,12322.0,12647325,Futures,NIFTY,15000
12319.1,2020-01-02 13:06:00,NFO,30-JAN-2020,12322.1,12318.9,12320.45,12647325,Futures,NIFTY,37350
12321.0,2020-01-02 13:07:00,NFO,30-JAN-2020,12321.95,12318.0,12319.05,12647325,Futures,NIFTY,17625
12322.0,2020-01-02 13:08:00,NFO,30-JAN-2020,12322.0,12318.85,12320.0,12697275,Futures,NIFTY,21900
12323.45,2020-01-02 13:09:00,NFO,30-JAN-2020,12324.55,12322.15,12322.85,12697275,Futures,NIFTY,13050
12322.8,2020-01-02 13:10:00,NFO,30-JAN-2020,12324.6,12322.8,12323.45,12697275,Futures,NIFTY,16725
12320.95,2020-01-02 13:11:00,NFO,30-JAN-2020,12323.9,12320.1,12322.55,12723225,Futures,NIFTY,9375
12320.0,2020-01-02 13:12:00,NFO,30-JAN-2020,12322.0,12320.0,12320.95,12723225,Futures,NIFTY,19275
12321.5,2020-01-02 13:13:00,NFO,30-JAN-2020,12322.5,12321.0,12321.0,12723225,Futures,NIFTY,13650
12322.35,2020-01-02 13:14:00,NFO,30-JAN-2020,12322.6,12321.0,12322.0,12723225,Futures,NIFTY,9150
12321.35,2020-01-02 13:15:00,NFO,30-JAN-2020,12322.3,12320.0,12321.65,12754575,Futures,NIFTY,7275
12320.0,2020-01-02 13:16:00,NFO,30-JAN-2020,12322.35,12320.0,12321.0,12754575,Futures,NIFTY,5025
12322.95,2020-01-02 13:17:00,NFO,30-JAN-2020,12323.5,12320.2,12320.4,12754575,Futures,NIFTY,6825
12321.8,2020-01-02 13:18:00,NFO,30-JAN-2020,12322.0,12321.0,12322.0,12763425,Futures,NIFTY,7425
12321.15,2020-01-02 13:19:00,NFO,30-JAN-2020,12322.85,12321.0,12321.8,12763425,Futures,NIFTY,6150
12321.3,2020-01-02 13:20:00,NFO,30-JAN-2020,12322.95,12320.55,12321.15,12763425,Futures,NIFTY,3450
12320.5,2020-01-02 13:21:00,NFO,30-JAN-2020,12324.0,12320.5,12321.65,12775875,Futures,NIFTY,14100
12322.75,2020-01-02 13:22:00,NFO,30-JAN-2020,12323.0,12320.75,12320.75,12775875,Futures,NIFTY,6225
12324.0,2020-01-02 13:23:00,NFO,30-JAN-2020,12324.75,12320.65,12322.85,12775875,Futures,NIFTY,23700
12326.0,2020-01-02 13:24:00,NFO,30-JAN-2020,12326.45,12323.15,12324.05,12803775,Futures,NIFTY,33075
12325.5,2020-01-02 13:25:00,NFO,30-JAN-2020,12328.75,12325.5,12325.95,12803775,Futures,NIFTY,10725
12325.05,2020-01-02 13:26:00,NFO,30-JAN-2020,12327.3,12325.0,12327.0,12803775,Futures,NIFTY,5175
12325.95,2020-01-02 13:27:00,NFO,30-JAN-2020,12326.0,12325.0,12325.45,12817125,Futures,NIFTY,5025
12327.7,2020-01-02 13:28:00,NFO,30-JAN-2020,12328.0,12325.0,12325.0,12817125,Futures,NIFTY,7875
12325.95,2020-01-02 13:29:00,NFO,30-JAN-2020,12327.6,12325.3,12327.05,12817125,Futures,NIFTY,8625
12322.05,2020-01-02 13:30:00,NFO,30-JAN-2020,12325.95,12321.0,12325.95,12828675,Futures,NIFTY,13875
12322.0,2020-01-02 13:31:00,NFO,30-JAN-2020,12322.75,12321.15,12322.05,12828675,Futures,NIFTY,4200
12320.25,2020-01-02 13:32:00,NFO,30-JAN-2020,12324.8,12320.25,12321.95,12828675,Futures,NIFTY,10800
12321.4,2020-01-02 13:33:00,NFO,30-JAN-2020,12321.9,12320.0,12320.0,12837975,Futures,NIFTY,4950
12323.0,2020-01-02 13:34:00,NFO,30-JAN-2020,12325.0,12321.4,12321.4,12837975,Futures,NIFTY,5850
12323.0,2020-01-02 13:35:00,NFO,30-JAN-2020,12324.8,12323.0,12323.75,12837975,Futures,NIFTY,3675
12322.75,2020-01-02 13:36:00,NFO,30-JAN-2020,12323.0,12321.95,12323.0,12840225,Futures,NIFTY,5775
12321.7,2020-01-02 13:37:00,NFO,30-JAN-2020,12322.35,12321.4,12321.85,12840225,Futures,NIFTY,4125
12321.0,2020-01-02 13:38:00,NFO,30-JAN-2020,12321.8,12320.0,12321.15,12840225,Futures,NIFTY,9150
12322.3,2020-01-02 13:39:00,NFO,30-JAN-2020,12322.75,12321.3,12321.4,12844875,Futures,NIFTY,5400
12320.7,2020-01-02 13:40:00,NFO,30-JAN-2020,12323.0,12319.6,12322.3,12844875,Futures,NIFTY,6600
12320.75,2020-01-02 13:41:00,NFO,30-JAN-2020,12322.8,12320.2,12321.35,12844875,Futures,NIFTY,3600
12322.3,2020-01-02 13:42:00,NFO,30-JAN-2020,12323.0,12320.85,12320.85,12846975,Futures,NIFTY,4800
12321.45,2020-01-02 13:43:00,NFO,30-JAN-2020,12322.25,12320.3,12321.0,12846975,Futures,NIFTY,3375
12319.0,2020-01-02 13:44:00,NFO,30-JAN-2020,12322.2,12317.9,12321.55,12846975,Futures,NIFTY,7875
12314.0,2020-01-02 13:45:00,NFO,30-JAN-2020,12319.0,12313.1,12319.0,12850650,Futures,NIFTY,25875
12317.15,2020-01-02 13:46:00,NFO,30-JAN-2020,12319.4,12313.75,12313.75,12850650,Futures,NIFTY,17250
12319.65,2020-01-02 13:47:00,NFO,30-JAN-2020,12319.65,12317.05,12317.15,12850650,Futures,NIFTY,4650
12320.0,2020-01-02 13:48:00,NFO,30-JAN-2020,12320.0,12318.7,12319.25,12854025,Futures,NIFTY,6600
12320.15,2020-01-02 13:49:00,NFO,30-JAN-2020,12321.75,12319.4,12320.0,12854025,Futures,NIFTY,5850
12320.0,2020-01-02 13:50:00,NFO,30-JAN-2020,12321.0,12320.0,12320.05,12854025,Futures,NIFTY,3525
12322.2,2020-01-02 13:51:00,NFO,30-JAN-2020,12323.0,12319.5,12320.05,12859200,Futures,NIFTY,8550
12323.0,2020-01-02 13:52:00,NFO,30-JAN-2020,12323.95,12321.8,12321.8,12859200,Futures,NIFTY,10650
12322.6,2020-01-02 13:53:00,NFO,30-JAN-2020,12324.0,12322.55,12322.95,12859200,Futures,NIFTY,6750
12322.5,2020-01-02 13:54:00,NFO,30-JAN-2020,12323.85,12321.0,12322.6,12877050,Futures,NIFTY,8400
12320.5,2020-01-02 13:55:00,NFO,30-JAN-2020,12323.4,12320.5,12322.5,12877050,Futures,NIFTY,5550
12321.85,2020-01-02 13:56:00,NFO,30-JAN-2020,12322.45,12320.5,12320.85,12877050,Futures,NIFTY,3450
12321.85,2020-01-02 13:57:00,NFO,30-JAN-2020,12322.65,12321.5,12321.8,12879225,Futures,NIFTY,4650
12323.7,2020-01-02 13:58:00,NFO,30-JAN-2020,12323.75,12321.75,12321.75,12879225,Futures,NIFTY,4050
12325.0,2020-01-02 13:59:00,NFO,30-JAN-2020,12325.0,12323.7,12323.7,12879225,Futures,NIFTY,6525
12326.2,2020-01-02 14:00:00,NFO,30-JAN-2020,12327.9,12323.6,12325.0,12885750,Futures,NIFTY,17175
12324.9,2020-01-02 14:01:00,NFO,30-JAN-2020,12326.4,12324.0,12326.1,12885750,Futures,NIFTY,4725
12323.65,2020-01-02 14:02:00,NFO,30-JAN-2020,12325.0,12323.3,12324.9,12885750,Futures,NIFTY,4275
12325.2,2020-01-02 14:03:00,NFO,30-JAN-2020,12325.65,12323.0,12323.4,12887550,Futures,NIFTY,8250
12324.25,2020-01-02 14:04:00,NFO,30-JAN-2020,12325.95,12323.05,12325.95,12887550,Futures,NIFTY,2325
12327.0,2020-01-02 14:05:00,NFO,30-JAN-2020,12327.0,12323.95,12324.25,12887550,Futures,NIFTY,13275
12327.0,2020-01-02 14:06:00,NFO,30-JAN-2020,12328.35,12326.1,12327.0,12891975,Futures,NIFTY,20025
12326.8,2020-01-02 14:07:00,NFO,30-JAN-2020,12328.0,12325.9,12327.0,12891975,Futures,NIFTY,6450
12326.0,2020-01-02 14:08:00,NFO,30-JAN-2020,12328.9,12324.3,12326.8,12891975,Futures,NIFTY,23775
12324.0,2020-01-02 14:09:00,NFO,30-JAN-2020,12327.5,12324.0,12326.0,12900000,Futures,NIFTY,6000
12325.9,2020-01-02 14:10:00,NFO,30-JAN-2020,12326.0,12324.0,12324.0,12900000,Futures,NIFTY,11475
12325.85,2020-01-02 14:11:00,NFO,30-JAN-2020,12329.1,12325.0,12325.95,12900000,Futures,NIFTY,19200
12322.0,2020-01-02 14:12:00,NFO,30-JAN-2020,12324.65,12321.25,12324.5,12917775,Futures,NIFTY,5775
12321.15,2020-01-02 14:13:00,NFO,30-JAN-2020,12322.7,12320.25,12320.25,12917775,Futures,NIFTY,9000
12323.6,2020-01-02 14:14:00,NFO,30-JAN-2020,12323.6,12321.2,12321.2,12917775,Futures,NIFTY,3600
12327.3,2020-01-02 14:15:00,NFO,30-JAN-2020,12327.8,12323.15,12323.15,12917850,Futures,NIFTY,8025
12328.0,2020-01-02 14:16:00,NFO,30-JAN-2020,12330.0,12327.4,12327.4,12917850,Futures,NIFTY,35550
12331.0,2020-01-02 14:17:00,NFO,30-JAN-2020,12334.5,12326.25,12328.0,12917850,Futures,NIFTY,65250
12329.15,2020-01-02 14:18:00,NFO,30-JAN-2020,12331.35,12327.7,12330.5,12908325,Futures,NIFTY,10650
12327.95,2020-01-02 14:19:00,NFO,30-JAN-2020,12329.8,12327.0,12329.7,12908325,Futures,NIFTY,13050
12326.5,2020-01-02 14:20:00,NFO,30-JAN-2020,12328.0,12326.05,12328.0,12908325,Futures,NIFTY,11175
12330.0,2020-01-02 14:21:00,NFO,30-JAN-2020,12331.0,12328.4,12329.0,12911925,Futures,NIFTY,10125
12332.5,2020-01-02 14:22:00,NFO,30-JAN-2020,12333.0,12330.0,12330.95,12911925,Futures,NIFTY,12450
12332.15,2020-01-02 14:23:00,NFO,30-JAN-2020,12334.4,12332.0,12333.0,12911925,Futures,NIFTY,13725
12330.55,2020-01-02 14:24:00,NFO,30-JAN-2020,12333.0,12330.55,12332.0,12918975,Futures,NIFTY,10650
12331.75,2020-01-02 14:25:00,NFO,30-JAN-2020,12332.3,12330.65,12330.65,12918975,Futures,NIFTY,8925
12331.5,2020-01-02 14:26:00,NFO,30-JAN-2020,12332.2,12330.15,12331.75,12918975,Futures,NIFTY,6075
12326.65,2020-01-02 14:27:00,NFO,30-JAN-2020,12332.25,12326.65,12330.6,12921975,Futures,NIFTY,15375
12330.35,2020-01-02 14:28:00,NFO,30-JAN-2020,12330.35,12324.9,12326.9,12921975,Futures,NIFTY,18150
12328.0,2020-01-02 14:29:00,NFO,30-JAN-2020,12330.5,12328.0,12329.0,12921975,Futures,NIFTY,6450
12326.0,2020-01-02 14:30:00,NFO,30-JAN-2020,12328.05,12326.0,12328.0,12929400,Futures,NIFTY,7950
12327.65,2020-01-02 14:31:00,NFO,30-JAN-2020,12327.95,12326.0,12327.2,12929400,Futures,NIFTY,7950
12325.0,2020-01-02 14:32:00,NFO,30-JAN-2020,12327.0,12324.05,12326.6,12929400,Futures,NIFTY,13950
12326.75,2020-01-02 14:33:00,NFO,30-JAN-2020,12327.0,12323.65,12324.05,12938250,Futures,NIFTY,14100
12325.55,2020-01-02 14:34:00,NFO,30-JAN-2020,12327.15,12325.1,12325.8,12938250,Futures,NIFTY,9600
12330.0,2020-01-02 14:35:00,NFO,30-JAN-2020,12330.75,12325.75,12325.75,12938250,Futures,NIFTY,10650
12327.0,2020-01-02 14:36:00,NFO,30-JAN-2020,12329.55,12327.0,12328.95,12942375,Futures,NIFTY,4875
12327.75,2020-01-02 14:37:00,NFO,30-JAN-2020,12328.85,12326.05,12326.15,12942375,Futures,NIFTY,7725
12331.1,2020-01-02 14:38:00,NFO,30-JAN-2020,12332.0,12326.45,12326.8,12942375,Futures,NIFTY,7500
12329.45,2020-01-02 14:39:00,NFO,30-JAN-2020,12331.35,12329.0,12331.0,12945000,Futures,NIFTY,7800
12331.0,2020-01-02 14:40:00,NFO,30-JAN-2020,12331.8,12328.35,12328.45,12945000,Futures,NIFTY,13575
12331.0,2020-01-02 14:41:00,NFO,30-JAN-2020,12332.9,12329.65,12331.0,12945000,Futures,NIFTY,10200
12332.4,2020-01-02 14:42:00,NFO,30-JAN-2020,12334.0,12331.0,12331.0,12947400,Futures,NIFTY,18675
12332.95,2020-01-02 14:43:00,NFO,30-JAN-2020,12337.75,12332.4,12333.6,12947400,Futures,NIFTY,40575
12334.0,2020-01-02 14:44:00,NFO,30-JAN-2020,12334.3,12332.1,12332.95,12947400,Futures,NIFTY,8475
12332.1,2020-01-02 14:45:00,NFO,30-JAN-2020,12334.5,12332.1,12332.95,12946425,Futures,NIFTY,8400
12331.05,2020-01-02 14:46:00,NFO,30-JAN-2020,12332.0,12330.1,12332.0,12946425,Futures,NIFTY,8250
12333.45,2020-01-02 14:47:00,NFO,30-JAN-2020,12333.45,12330.7,12331.95,12946425,Futures,NIFTY,11775
12332.1,2020-01-02 14:48:00,NFO,30-JAN-2020,12333.85,12330.35,12333.45,12953175,Futures,NIFTY,13575
12330.0,2020-01-02 14:49:00,NFO,30-JAN-2020,12333.05,12329.75,12332.1,12953175,Futures,NIFTY,12375
12329.0,2020-01-02 14:50:00,NFO,30-JAN-2020,12330.0,12328.05,12330.0,12953175,Futures,NIFTY,12000
12327.0,2020-01-02 14:51:00,NFO,30-JAN-2020,12330.0,12326.9,12330.0,12950550,Futures,NIFTY,9300
12327.05,2020-01-02 14:52:00,NFO,30-JAN-2020,12329.35,12327.0,12327.0,12950550,Futures,NIFTY,7500
12329.5,2020-01-02 14:53:00,NFO,30-JAN-2020,12329.5,12326.8,12328.35,12950550,Futures,NIFTY,8925
12334.2,2020-01-02 14:54:00,NFO,30-JAN-2020,12334.2,12330.0,12330.0,12950400,Futures,NIFTY,7950
12334.0,2020-01-02 14:55:00,NFO,30-JAN-2020,12334.5,12332.0,12334.35,12950400,Futures,NIFTY,7725
12331.35,2020-01-02 14:56:00,NFO,30-JAN-2020,12335.0,12330.25,12333.0,12950400,Futures,NIFTY,13500
12327.5,2020-01-02 14:57:00,NFO,30-JAN-2020,12332.0,12327.25,12330.55,12954000,Futures,NIFTY,12000
12330.0,2020-01-02 14:58:00,NFO,30-JAN-2020,12332.0,12327.05,12327.05,12954000,Futures,NIFTY,11100
12331.7,2020-01-02 14:59:00,NFO,30-JAN-2020,12332.65,12328.65,12328.65,12954000,Futures,NIFTY,8775
12335.45,2020-01-02 15:00:00,NFO,30-JAN-2020,12338.0,12331.8,12332.75,12954525,Futures,NIFTY,36300
12337.0,2020-01-02 15:01:00,NFO,30-JAN-2020,12339.95,12335.0,12335.5,12954525,Futures,NIFTY,40575
12335.0,2020-01-02 15:02:00,NFO,30-JAN-2020,12337.85,12334.0,12337.85,12954525,Futures,NIFTY,18000
12333.85,2020-01-02 15:03:00,NFO,30-JAN-2020,12336.0,12333.0,12334.0,12963825,Futures,NIFTY,8175
12338.0,2020-01-02 15:04:00,NFO,30-JAN-2020,12338.7,12333.2,12334.0,12963825,Futures,NIFTY,20775
12338.65,2020-01-02 15:05:00,NFO,30-JAN-2020,12338.7,12335.6,12338.0,12963825,Futures,NIFTY,34500
12336.05,2020-01-02 15:06:00,NFO,30-JAN-2020,12340.95,12335.85,12338.0,12974325,Futures,NIFTY,48375
12335.1,2020-01-02 15:07:00,NFO,30-JAN-2020,12338.65,12335.05,12336.55,12974325,Futures,NIFTY,11475
12338.9,2020-01-02 15:08:00,NFO,30-JAN-2020,12339.65,12335.05,12336.1,12974325,Futures,NIFTY,27150
12340.0,2020-01-02 15:09:00,NFO,30-JAN-2020,12340.95,12336.5,12338.9,12922575,Futures,NIFTY,34275
12340.95,2020-01-02 15:10:00,NFO,30-JAN-2020,12342.65,12338.15,12340.0,12922575,Futures,NIFTY,49575
12342.15,2020-01-02 15:11:00,NFO,30-JAN-2020,12343.0,12340.0,12341.0,12922575,Futures,NIFTY,44850
12341.35,2020-01-02 15:12:00,NFO,30-JAN-2020,12343.5,12341.0,12342.0,12947025,Futures,NIFTY,33825
12342.6,2020-01-02 15:13:00,NFO,30-JAN-2020,12343.0,12341.3,12341.3,12947025,Futures,NIFTY,22575
12342.05,2020-01-02 15:14:00,NFO,30-JAN-2020,12344.0,12341.85,12342.7,12947025,Futures,NIFTY,63075
12341.55,2020-01-02 15:15:00,NFO,30-JAN-2020,12343.6,12340.7,12341.8,12957750,Futures,NIFTY,44475
12341.5,2020-01-02 15:16:00,NFO,30-JAN-2020,12343.9,12340.3,12343.5,12957750,Futures,NIFTY,50250
12342.2,2020-01-02 15:17:00,NFO,30-JAN-2020,12342.5,12340.15,12341.5,12957750,Futures,NIFTY,28200
12342.0,2020-01-02 15:18:00,NFO,30-JAN-2020,12344.0,12342.0,12342.2,12925275,Futures,NIFTY,30300
12343.5,2020-01-02 15:19:00,NFO,30-JAN-2020,12343.75,12342.0,12342.0,12925275,Futures,NIFTY,21600
12342.5,2020-01-02 15:20:00,NFO,30-JAN-2020,12344.45,12341.0,12343.5,12925275,Futures,NIFTY,63150
12341.3,2020-01-02 15:21:00,NFO,30-JAN-2020,12344.5,12340.55,12342.5,12858600,Futures,NIFTY,54675
12338.45,2020-01-02 15:22:00,NFO,30-JAN-2020,12342.0,12338.15,12340.75,12858600,Futures,NIFTY,46575
12336.8,2020-01-02 15:23:00,NFO,30-JAN-2020,12339.95,12336.5,12339.5,12858600,Futures,NIFTY,76425
12335.4,2020-01-02 15:24:00,NFO,30-JAN-2020,12337.85,12335.0,12337.0,12794700,Futures,NIFTY,39900
12335.25,2020-01-02 15:25:00,NFO,30-JAN-2020,12336.0,12334.0,12335.4,12794700,Futures,NIFTY,42675
12336.0,2020-01-02 15:26:00,NFO,30-JAN-2020,12336.65,12335.0,12335.4,12794700,Futures,NIFTY,39675
12336.0,2020-01-02 15:27:00,NFO,30-JAN-2020,12337.0,12335.2,12336.3,12773325,Futures,NIFTY,40950
12336.85,2020-01-02 15:28:00,NFO,30-JAN-2020,12336.85,12334.2,12335.25,12773325,Futures,NIFTY,53025
12338.0,2020-01-02 15:29:00,NFO,30-JAN-2020,12338.15,12336.05,12336.85,12773325,Futures,NIFTY,41850
